Customer ID,Segment
LO028977,Snacks
OH046670,Condiments
FH015492,Accessories
ZZ015342,Snacks
TV075977,Produce
HL006234,Sauces
AA070185,Meat
EG051605,Home
UF034417,Produce
CG060898,Baking
EE025228,Condiments
CX034161,Sides
LT073005,Grains
YL006843,Frozen Foods
YL065975,Health
YC083120,Snacks
BT046086,Home Appliances
WL011058,Frozen Foods
XT003630,Frozen Meals
ON076441,Sides
TI096309,Health
AM053527,Prepared Foods
GA094839,Snacks
CA010518,Bakery
RC069836,Home
XW060260,Outdoor
FR008830,Grooming
YC016347,Footwear
PW001906,Condiments
LV083814,Travel
YO052337,Sauces
YJ078139,Prepared Foods
QP093917,Snacks
LM010826,Prepared Foods
IA020578,Toys
SZ015455,Canned Goods
DU053934,Health
FR010822,Condiments
PO009558,Outdoor
MC022478,Unknown
LT063474,Outdoor
PN010412,Baking
IR004773,Snacks
ES037170,Home
XH062520,Health
ZX008337,Dairy
DI067107,Jumpsuits
LE047809,Automotive
EB064981,Health
KX027147,Home
IL009957,Health
AC082690,Kitchen
VA049493,Spices
ZJ097568,Home
WZ006306,Meat
XJ066938,Condiments
MQ028717,Supplements
NB014517,Cereals
PB063442,Baking
UA071149,Beauty
DT034609,Home
AS095657,Meat
LT061731,Frozen
RU058520,Dresses
WT037292,Frozen Foods
DF076925,Dips
CM032751,Meat
OF087559,Beverages
BD074505,Office
MJ019298,Condiments
OC007575,Fitness
JQ000431,Fitness
JX027350,Condiments
AC065424,Breakfast
QR064670,Safety
IL085160,Fitness
TV097382,Kitchen
RV043501,Frozen
LJ099998,Produce
NF066979,Outdoor
CY070612,Sauces
DO001772,Grains
QJ030114,Home
AP095673,Toys
RO013242,Cereal
EF042732,Sauces
TA007457,Outdoor
SE071898,Toys
HF000394,Spices
YD055268,Accessories
SJ097729,Home
MU027586,Confectionery
CH053616,Beverages
SW066440,Meat
LR063902,Canned Goods
YK006641,Soups
QP097532,Breakfast
PW078874,Soups
UX079399,Office
MR095188,Outdoor
KP021070,Snacks
CJ007867,Health
ON014862,Produce
XE095413,Baking & Cooking
CI029431,Books
VQ012259,Confectionery
MX021696,Home
YX078642,Beverages
DG015801,Accessories
GO006694,Breakfast Foods
PS058519,Outerwear
YR000590,Condiments
RK016062,Fitness
VO026219,Snacks
JY078378,Oils
AC032117,Automotive
AG018641,Beverages
VQ077263,Kitchen
JA054648,Health
MB099438,Snacks
HU066299,Audio
NH032711,Fitness
GT004985,Kitchen
XB095293,Frozen Foods
VY088461,Beverages
AK047185,Beverages
RP069641,Garden
LY032208,Home
FZ057864,Bakery
TK000744,Marinades
UM003359,Tops
BK006338,Pets
SL056460,Beverages
LW071445,Unknown
OA076119,Accessories
IC023332,Outdoor
XT059837,Breakfast
RJ028775,Dairy
YU047262,Prepared Foods
LH034480,Kitchen
IN017659,Gaming
XQ042731,Dresses
EO027251,Kitchen
GL049016,Breakfast
AX035056,Kitchen
QZ098914,Food
BW040945,Supplements
RG074102,Condiments
JJ088756,Nuts
MX029359,Grains
NV061613,Automotive
RL033705,Kitchen
QY049868,Kitchen
PC066841,Kitchen
AW056186,Health
QN014838,Travel
YB068814,Condiments
EY021607,Unknown
FX080042,Canned Goods
PH033131,Pasta
KI039617,Prepared Meals
CX029462,Unknown
TU039036,Dairy
VH068058,Toys
IJ021121,Accessories
AO040681,Home
GF083063,Toys
IM018779,Frozen Foods
WW058734,Freezer
VN077787,Home Appliances
NS069640,Snacks
DV035511,Spices
VL030233,Beverages
XI060063,Frozen Foods
EQ042956,Pets
WV028647,Condiments
LZ016012,Office
TD068892,Snacks
UB006545,Home
MI077636,Electronics
DS088458,Outdoor
BJ097202,Frozen Foods
IE054911,Salads
LY095086,Bakery
BK070785,Salads
XX019740,Bakery
PQ042587,Meat
IK076547,Crafts
KT034728,Beverages
DE053807,Frozen Meals
MG032187,Breakfast
GE099058,Salads
RH078718,Office
GE054896,Garden
FG094679,Travel
AU020860,Unknown
WE015191,Kitchen
CT082216,Footwear
GD051430,Electronics
CS092679,Bakery
HH019414,Dairy
BC098676,Prepared Meals
EL072097,Shirts
EH003110,Fitness
SC091752,Frozen Food
AH043184,Electronics
IA056476,Sweaters
WI076001,Meal Kits
KF007013,Snacks
ZO077373,Travel
CZ054222,Fitness
LI027396,Bakery
AP000049,Safety
HY047879,Home
UI012965,Snacks
IG071259,Meat
OS093484,Shoes
XW065274,Kitchen
LH043536,Condiments
ES011889,Dairy
WX069469,Outdoor
VZ013231,Outerwear
ZU048884,Frozen Foods
FY080136,Outdoor
OS018365,Baking Goods
QC015889,Oils
RV066355,Kitchen
FA035790,Outdoor
KR032421,Snacks
DU007963,Deli
CK064882,Dresses
QA056461,Frozen Foods
YH023012,Bakery
MM027639,Office
SY098673,Home
RU014698,Canned Goods
OK062011,Snacks
PB085687,Snacks
UF054954,Outdoor
BS091864,Snacks
XF023093,Cooking Oils
MT028981,Home Appliances
OI064452,Condiments
EW092810,Meat
OR048214,Condiments
FQ076657,Garden
HB010382,Breakfast
UU017077,Frozen Desserts
KX038689,Snacks
QP099191,Baking
ZK018032,Beverages
PK032320,Home
IZ050669,Beauty
ZU044069,Spices
PD029610,Condiments
EA084656,Frozen Foods
BQ020024,Meat
ON036523,Outdoor
DG084549,Frozen
SH044828,Travel
HC025261,Fitness
UJ056106,Bakery
TF040283,Home
ON085793,Home
KW041893,Outdoor
FL017847,Activewear
AS023969,Vegetables
EZ016172,Footwear
MZ059755,Home
SV087663,Home
LB094313,Garden
FR022820,Pets
PL062395,Outdoor
QJ086664,Home
QP011273,Meat
UD042022,Unknown
FC017934,Dips
QU055720,Garden
DK052714,Condiments
ZD091276,Safety
BE030274,Kitchen
HS084179,Kitchen
YR022592,Electronics
JW093275,Skirts
JD036953,Accessories
NG048278,Spices
IP099218,Fruits
UG081307,Office
VH082132,Home
EG074592,Prepared Meals
XX025759,Kitchen
DA056215,Fitness
FV080737,Office
YG065949,Confectionery
KF020921,Sauces
IU068896,Seafood
MC053747,Bakery
IO007481,Produce
MI051892,Tops
ZG005436,Automotive
KM028653,Office
UT094280,Condiments
IW074591,Prepared Foods
AM087505,Travel
KE097740,Grains
WJ002428,Salad Toppings
LR047669,Outdoor
KD049859,Frozen Foods
OH082802,Unknown
ET081928,Frozen Foods
AI086285,Sides
DM011507,Meat Substitutes
CN007665,Bakery
GQ074380,Deli
QD096193,Produce
VH053108,Kitchen
JK055353,Tops
LZ057158,Baking Goods
OA095700,Baking
PB056769,Health
JJ041546,Beauty
ZT038141,Storage
SC035811,Beverages
FQ085678,Snacks
AZ010927,Frozen Desserts
DP081891,Home
HT032845,Fitness
UQ060377,Dairy Alternatives
DL069151,Music
GL001659,Audio
LR010971,Grains
ZT062653,Gaming
UD058328,Grains
LC070027,Pets
PT027115,Snacks
YY017812,Bakery
UE086249,Home
DM025201,Snacks
FH008167,Frozen Foods
JD087400,Accessories
YL039169,Pets
DB007527,Toys
MQ026669,Condiments
WU037718,Salads
IK020923,Snacks
YZ074670,Tools
GV013637,Health
IB052398,Grains
ON048367,Sports
QA083352,Sauces
IS067894,Accessories
OC075408,Dairy Alternatives
RW041477,Canned Soups
WC070179,Frozen Desserts
TM070339,Condiments
CN088504,Electronics
ME069506,Sides
EQ091946,Condiments
ZE046661,Unknown
LJ093742,Unknown
TP022524,Kitchen
MS069774,Accessories
GS009902,Toys
EP001992,Activewear
QR018108,Baking
GH074116,Kitchen
AO030069,Crafts
RZ091372,Outerwear
KS066223,Canned Goods
OF068322,Condiments
OO095727,Kitchen
VY006474,Condiments
JW081156,Beauty
MG062062,Outdoor
GR028974,Bakery
NL063938,Breakfast
DB069706,Snacks
FB057385,Travel
HQ099406,Kitchen
AZ052103,Office
WD060968,Outerwear
JC064172,Pants
IE078913,Health
VC082663,Outdoor
VG072993,Nuts
ZG023359,Snacks
WN068197,Meats
VS093416,Food
NW031911,Pets
HG027398,Automotive
UD072234,Condiments
NT059759,Condiments
FF057242,Garden
DF037287,Art Supplies
IQ056746,Condiments
LA090979,Fitness
XS071006,Desserts
RK023565,Condiments
WQ052828,Office
VE090029,Outdoor
WG067728,Canned Goods
ZC050595,Automotive
AZ097587,Home
BT027523,Accessories
PV023147,Condiments
VN096733,Outdoor
VB070907,Home
QP008397,Health
ZN096535,Clothing
MZ028353,Home
FO087533,Condiments
ZV019823,Produce
UF084710,Snacks
QT054547,Toys
PM034573,Spreads
KA066426,Audio
LO011592,Beverages
TQ065665,Travel
OC000381,Kitchen
QV089026,Pets
NI003473,Kitchen
CN044542,Kitchen
CW051396,Snacks
ON002990,Snacks
IR005341,Toys
DS078483,Kitchen
CP050234,Kitchen
CS060883,Snacks
NG091342,Snacks
HH062390,Frozen Meals
ZR069261,Baking
PS010060,Smart Home
RG061998,Outdoor
PC005521,Fitness
TW023701,Unknown
NL024977,Outdoor
QP093451,Baking
BJ071974,Snacks
GH044368,Travel
AI061783,Kitchen
FQ069496,Unknown
OC045781,Home
BF080088,Salads
WI001306,Canned Goods
LG018760,Outdoor
DG054831,Prepared Foods
KE050319,Kitchen
MG006726,Grains
EH051958,Unknown
QW076708,Fitness
YE054365,Snacks
MC047623,Office
UK042725,Kitchen
KI089155,Prepared Foods
SE083704,Pets
OK059668,Frozen Meals
JZ004144,Art Supplies
MG053337,Travel
OF005773,Electronics
XR044405,Kitchen
KO026744,Condiments
SM003639,Outdoor
MY031639,Art Supplies
IR066002,Kitchen
RV058410,Kitchen
BK006288,Electronics
WO032878,Tops
MB036703,Toys
XN095451,Meat
XN030548,Garden
DV074616,Toys
SI013737,Grains
FX008936,Dressings
XY043257,Jumpsuits
FT074520,Outdoor
OS066663,Produce
HV059622,Canned Goods
TB077884,Kitchen
YR037106,Music
ET068053,Beverages
TB024905,Beverages
VY009268,Garden
OZ054329,Snacks
VF050364,Grains
SL008646,Outdoor
KO032054,Meat
WL067890,Home
AI055492,Snacks
VG036239,Meat
QM000750,Bicycles
WQ029470,Condiments
ZG008283,Frozen Foods
AK027382,Garden
GC044645,Snacks
KE034482,Home Improvement
QU056853,Toys
ZH026809,Garden
GQ006805,Outdoor
HJ046803,Bicycles
FR079188,Bakery
PS061538,Cheese
TT026883,Office
CX043819,Kitchen
JV020938,Frozen Desserts
XS041385,Snacks
TE030635,Computers
CI040986,Kitchen
ND084324,Vegetarian
ER081600,Kitchen
TX016353,Pets
JS015887,Garden
XM060019,Snacks
CM008593,Frozen Food
KS006371,Vegetables
GA046351,Seafood
HH028598,Condiments
BI005400,Outdoor
BV017983,Health
FH010316,Art Supplies
DM054202,Condiments
CJ020981,Breakfast
HT052318,Desserts
UU017281,Pasta
HD083057,Toys
LN083434,Pets
BJ048509,Outdoor
TC059259,Kitchen
HQ041440,Pets
ZD058102,Frozen Foods
WS028428,Dresses
HG039736,Activewear
FA008596,Grains
MC028199,Gaming
SQ020021,Condiments
QX021876,Bakery
YV071393,Soups
YF016486,Crafts
RB058689,Frozen Foods
IC043696,Beverages
TS091132,Garden
LT089054,Kitchen
YJ031445,Breakfast
NA086086,Vegetables
JA013201,Kitchen
ST025617,Frozen
BU037763,Canned Goods
RQ001428,Meat
WX098476,Unknown
HN087906,Garden
IW015212,Office
QO092485,Dairy
IG072578,Electronics
QA056156,Dairy
DG077949,Breakfast
UN049674,Health Foods
IB003332,Accessories
XO043540,Sauces
LF026434,Canned Goods
IR034127,Snacks
YX008923,Salads
XF009015,Safety
AX023223,Condiments
OJ070002,Condiments
FP077912,Frozen Meals
KM010380,Home
CY080029,Snacks
MP039738,Outdoor
PU073770,Clothing
XP047703,Dips
UQ041561,Home
QV002659,Pets
SD058722,Spices
RB087794,Electronics
ST070258,Beverages
PR048585,Automotive
ON087532,Home
MC063078,Baking
GE075251,Garden
NN069494,Unknown
ID044410,Baking
EB020382,Outdoor
IK074906,Garden
ZK040265,Condiments
AN082631,Bakery
EW044272,Clothing
OB060281,Pasta
PA050829,Soups
QH079879,Pasta
UN029150,Bakery
NN020680,Snacks
TS050001,Condiments
KB068044,Baking
BB052572,Pets
TX089640,Outerwear
BB066880,Fitness
BP098394,Snacks
DZ023531,Home
TI089468,Snacks
YG071594,Grains
MU076273,Dried Fruits
RT001473,Accessories
BG041780,Kitchen
VL083988,Seafood
HJ060494,Toys
AZ031509,Electronics
SS011385,Furniture
DC079292,Electronics
IM046831,Prepared Foods
PF020673,Soups
HJ024431,Home
ZI012690,Kitchen
EI066899,Outerwear
CA001530,Bottoms
VN032443,Salads
TZ055834,Kitchen
LQ023488,Beverages
BK071778,Frozen Foods
BC021992,Produce
SJ093928,Dairy
KN081054,Dairy
UQ072061,Fitness
DC012809,Clothing
UV068800,Pasta
PV059813,Sides
UT075766,Meal Kits
AY077572,Produce
NK041669,Grocery
CU022928,Frozen Foods
XA024137,Outdoor
JM093006,Pasta
EG007010,Snacks
TO031732,Home Appliances
XB009407,Outdoor
OR084810,Baking & Cooking
LE096161,Shirts
VA029829,Condiments
IB011406,Beauty
IN090564,Music
AK060338,Snacks
VY052710,Accessories
GD009361,Bakery
QV096048,Electronics
QL014779,Snacks
NW002733,Art Supplies
RO053923,Bottoms
US021421,Unknown
HO054448,Breakfast
VN053890,Condiments
TU097281,Office
BS082621,Baked Goods
TY072354,Accessories
RM099500,Photography
HW036564,Clothing
PE086541,Meat
JH085942,Outdoor
TV011085,Baking
RI069894,Dairy
DO033037,Kitchen
SL054004,Home Appliances
TJ027077,Kitchen
NM018346,Garden
ST096711,Frozen Foods
OA038346,Activewear
ZN022267,Electronics
MS079836,Garden
YA035366,Sides
LH092415,Kitchen
OB095351,Fitness
PI019771,Automotive
XK084873,Kitchen
VO033812,Outdoor
QV040850,Outdoor
NJ003936,Pets
ZK023557,Fitness
WE040394,Smart Home
TR039952,Accessories
GZ076830,Baking
EE008914,Dairy
DX009532,Audio
BB040839,Cereals
NQ012592,Frozen Meals
ML088845,Accessories
NV075312,Kitchen
DX081067,Smart Home
SG001338,Beverages
VL091300,Meat Alternatives
MV082790,Bathroom
NX088510,Pets
EJ013555,Deli Meats
VO007288,Produce
AF019285,Meat
WK003264,Bottoms
OL032772,Pasta
IU070986,Beverages
NK062797,Baking Goods
WI096964,Gaming
WY056153,Home
UE005686,Breakfast
FX082593,Kitchen
LQ034862,Outdoor
HU071636,Fitness
TU074841,Cereals
KF000783,Office
ZD092860,Pets
DT019771,Grains
BB069028,Spreads
SR096075,Electronics
HW000008,Gourmet Rice
SB024310,Meat
UZ002058,Home
GT071613,Snacks
AX069026,Home
HJ026970,Soups
HQ023430,Bags
MY094022,Kitchen
UR098924,Health
ZX004486,Kitchen
II051569,Beverages
WK092369,Meat
PB010207,Snacks
CN039794,Accessories
XS016671,Canned Goods
QH024668,Canned Goods
RI031264,Seafood
BS024490,Fitness
WT084998,Snacks
QO024751,Fitness
SC069071,Toys
JO052743,Tops
UW077123,Snacks
OZ012109,Home
WT058790,Snacks
OJ080479,Accessories
HJ006190,Beauty
GL088592,Fitness
KH039882,Outdoor
DM035468,Cooking Oil
CN030440,Meat & Poultry
AD017673,Snacks
XZ010402,Oils & Vinegars
CY049651,Pets
DV041444,Beauty
RK091281,Home
BH009963,Produce
VS016651,Home
FM067933,Beauty
OF015688,Frozen Food
UT007875,Snacks
CD028083,Soups
ON040564,Toys
MU091976,Accessories
KS059528,Home
XH043014,Unknown
HE071631,Home
OD043412,Produce
WW015228,Frozen
HV019230,Prepared Foods
SK025091,Snacks
AM074484,Shirts
FK057149,Sauces
CO084555,Kitchen
NY015731,Gaming
BE037041,Frozen Foods
WI001565,Breakfast
KA049557,Outdoor
AM051796,Baking
FU020103,Condiments
NE072843,Produce
PL019616,Frozen
CN022315,Spices
YV012185,Kitchen
UN035957,Kitchen
LT006441,Health
NI025124,Snacks
VS019486,Home
TL018221,Pasta
BU095410,Home
WO042258,Soups
SG050745,Dairy
KA083039,Kitchen
UX070690,Snacks
NJ058700,Vegetables
BE033170,Canned Goods
UF016951,Dairy
UJ044231,Outerwear
CW024266,Office
KW071085,Audio
IF076535,Fitness
EG020433,Pets
LE077334,Garden
OO019114,Fitness
ZM096349,Unknown
HR022991,Kitchen
CY092341,Outdoor
YN000504,Audio
PQ079827,Outdoor
ZP076215,Produce
GL023239,Snacks
IX039478,Produce
OP052267,Home
VD041122,Snacks
JH027246,Health
JX093141,Vegetables
US065332,Accessories
TV093817,Kitchen
UH020305,Condiments
ZP067856,Snacks
AB096777,Health
IZ041233,Snacks
HP088099,Beverages
BG017774,Baking
QR088578,Photography
DI072036,Electronics
PT063534,Footwear
JB063602,Fitness
QD000055,Garden
ML060791,Meat
FE082197,Condiments
TN018015,Garden
HK081970,Frozen Food
VD043710,Frozen Foods
OD062195,Baking
HU035037,Canned Goods
OF051138,Frozen Foods
RT015937,Beverages
MP053511,Health
KG064314,Toys
TV076688,Dairy
NL035212,Outdoor
WB014883,Electronics
ZH028698,Smart Home
NU031894,Footwear
ZN007702,Electronics
QC069684,Kitchen
UI025016,Frozen Foods
FD061951,Condiments
WQ050928,Baking Goods
DN020744,Pets
FJ084048,Prepared Meals
CY012864,Seafood
QP036940,Pets
MN019433,Bottoms
MD006931,Kitchen
ES056286,Photography
ZI082420,Fitness
DH074723,Unknown
FS055715,Garden
AI008633,Kitchen
WP043997,Food
AG068508,Footwear
GR033260,Accessories
RW001493,Automotive
AH071849,Canned Goods
BM069215,Household
EZ005059,Home
ML033957,Automotive
EY083295,Home
IM044650,Kitchen
UO042002,Condiments
DJ041197,Pets
WZ014136,Home
VU031210,Home
KJ002476,Tops
HP015456,Baby
XB052719,Sauces
HN089985,Kitchen
VF013578,Kitchen
SS091192,Kitchen
XG076037,Outdoor
ZG019693,Home
LS048805,Bakery
UC075007,Baking
YM089156,Kitchen
OS069096,Electronics
GE015518,Smart Home
NW022043,Books
EH020972,Kitchen
EQ058718,Accessories
FC077811,Meat
KR024064,Prepared Foods
ID047198,Fitness
BE061647,Toys
EI086296,Canned Goods
RZ048453,Furniture
DJ089474,Frozen Desserts
WA005888,Fresh Produce
CU077945,Condiments
XV019141,Snacks
NY009702,Condiments
HO095696,Home
RL088597,Vegetables
MJ023223,Tools
NJ066973,Tools
KM030821,Snacks
ON084409,Loungewear
KU064350,Health
QB095004,Art Supplies
RI023058,Accessories
JE056872,Meat
LJ002087,Condiments
HI017121,Accessories
RD009368,Dairy
IC037857,Outdoor
VD020504,Snacks
EY052169,Kitchen
SV090268,Health/Protein
BB018473,Outdoor
AB037649,Frozen Foods
WM050284,Home
DO073476,Home
LI092422,Grains
KW089672,Protein
MT070563,Prepared Meals
HM028057,Kitchen
VB010167,Fitness
PB030441,Home
MH079894,Frozen Foods
PD039339,Automotive
TM016470,Accessories
DB032017,Outdoor
UB055620,Accessories
TA075580,Activewear
MA015531,Pasta
OK019350,Prepared Foods
WK027931,Outdoor
DS052517,Toys
FO090266,Fitness
CI022677,Outerwear
JW090494,Sauces
CD025751,Outdoor
TJ065170,Office
MJ046433,Outdoor
JA071946,Home
LQ030733,Fresh Produce
GK002281,Beverages
SV028385,Condiments
BY084090,Garden
EK001315,Art Supplies
OL051265,Beverages
TB033346,Beverages
UK084853,Electronics
XY099559,Audio
QK011998,Produce
JP014893,Electronics
ET066631,Home
UK043146,Snacks
TL087585,Garden
FF005406,Accessories
OD068167,Kitchen
KM060085,Kitchen
EU072161,Toys
FE005308,Condiments
OF065082,Condiments
XZ039413,Pets
QE055904,Coats
ZN044266,Health
JA043818,Home
LC083926,Canned Goods
UP033830,Home
RB085862,Dairy Alternatives
UV014614,Accessories
LN093720,Beverages
OZ010719,Bakery
QH097165,Snacks
TV027066,Unknown
JX088983,Kitchen
VH069825,Smart Home
FE068654,Office
SV020317,Snacks
YE085512,Home
JF082197,Toys
TW046151,Snacks
NY000158,Kitchen
DE037740,Kitchen
TG057492,Dairy
RV094330,Outdoor
VQ022764,Outdoor
BF011946,Nuts
GR013853,Seafood
FX024302,Oils & Vinegars
DC062483,Frozen
XR053256,Baking
BY015380,Frozen Desserts
MA071301,Prepared Meals
GB048497,Meal Kits
WQ026223,Outdoor
OH052826,Kitchen
WP005240,Breakfast
KP075796,Frozen Foods
RV066355,Baking Goods
WI076001,Fitness
QR018108,Garden
AM087505,Sides
MI051892,Kitchen
DS078483,Garden
LJ099998,Outdoor
PW078874,Outdoor
VS093416,Toys
IU068896,Furniture
KS066223,Health
GT094069,Snacks
XW060260,Pasta
CS062668,Automotive
IB052398,Home
LM010826,Kitchen
DT034609,Meat
IQ056746,Outdoor
PS010060,Home
SQ012620,Baked Goods
JW093275,Health
LJ099998,Home
QY049868,Furniture
MS069774,Kitchen
CK064882,Garden
EC082879,Audio
YL065975,Beverages
BK070785,Seafood
HL006234,Condiments
RG074102,Frozen Food
TD068892,Dried Fruits
EC073665,Condiments
FL017847,Bakery
XT059837,Books
IS067894,Home
BS041004,Baking
YJ078139,Automotive
QR018108,Tops
BC098676,Frozen Foods
GR028974,Crafts
JX027350,Meat & Poultry
VL030233,Prepared Meals
LW071445,Breakfast
XI060063,Unknown
AC032117,Snacks
RW041477,Pets
TI096309,Outdoor
YR022592,Snacks
LV083814,Bottoms
CP050234,Accessories
VH068058,Garden
EL072097,Meat
KO026009,Dairy
AC082690,Unknown
NV061613,Garden
VC082663,Toys
IW074591,Travel
KA066426,Pets
YC016347,Sauces
SK069393,Pets
MQ026669,Salads
AG018641,Art Supplies
GF083063,Kitchen
CV050185,Pets
UD058328,Music
RJ028775,Beverages
NS050281,Shirts
UJ056106,Condiments
XJ066938,Unknown
QN014838,Outdoor
AI086285,Bottoms
FB017220,Household
YR022592,Vegetables
VY088461,Outdoor
HH019414,Bakery
ON036523,Canned Goods
DP081891,Frozen Foods
FR010822,Toys
IZ050669,Outdoor
XE095413,Accessories
FL017847,Books
FR010822,Footwear
OX028733,Meat
LT063474,Accessories
OF068322,Spices
BH051558,Home
YK006641,Tools
ON002990,Condiments
DP081891,Automotive
JC064172,Bakery
NG091342,Safety
KP021070,Computers
JY078378,Baking
IM018779,Canned Goods
OS093484,Outdoor
DT034609,Outdoor
BE030274,Snacks
TD022773,Kitchen
LI027396,Prepared Meals
UD072234,Fitness
NH032711,Office
IT060395,Home
GA094839,Frozen
ES037170,Kitchen
UF084710,Smart Home
GV013637,Kitchen
IL085160,Automotive
LT073005,Dips
EA084656,Beverages
MI077636,Fitness
HY047879,Breakfast
XW065274,Office
GV013637,Pets
BD074505,Health
UQ060377,Unknown
ON002990,Kitchen
CW051396,Clothing
UX079399,Snacks
DF037287,Smart Home
PC005521,Kitchen
FH008167,Condiments
OO095727,Crafts
EC023699,Home
MJ019298,Home Appliances
DI067107,Beverages
YO052337,Unknown
OA095700,Frozen Foods
AM087505,Pets
VH068058,Canned Goods
JJ088756,Condiments
AI061783,Dried Fruits
GL001659,Meal Kits
ON048367,Pets
CY070612,Frozen Vegetables
ZK018032,Seafood
ES037170,Frozen Meals
WE015191,Snacks
DO001772,Cooking Oil
TF040283,Grains
TL094123,Outdoor
UD042022,Footwear
EE025228,Photography
XX019740,Breakfast
MC022478,Electronics
RG061998,Kitchen
JW093275,Sauces
NH032711,Beverages
HY047879,Electronics
YE056156,Electronics
HQ099406,Dairy
XQ042731,Soups
AP095673,Household
WE015191,Outdoor
JX035609,Frozen Food
LY095086,Beverages
LE047809,Photography
FR010822,Vegetables
VL030233,Dairy
JK073255,Toys
GU068229,Snacks
HH062390,Prepared Foods
ZO077373,Meat & Poultry
ZT038141,Fitness
LA090979,Pets
UF034417,Snacks
VB070907,Frozen Meals
TV097382,Pasta
MR095188,Deli Meats
ZU044069,Garden
TD068892,Grocery
CS092679,Snacks
QC015889,Outerwear
YB068814,Outdoor
LY032208,Tops
TV097382,Bathroom
DM025201,Kitchen
QZ098914,Snacks
ZU048884,Apps
EZ016172,Art Supplies
WV028647,Automotive
TD068892,Frozen Meals
CX034161,Frozen Foods
BE030274,Automotive
BE030274,Canned Goods
LT073005,Outdoor
OA076119,Home
NO061115,Health
EZ016172,Home
EH003110,Snacks
FR008830,Unknown
CI029431,Toys
OC000381,Home
OS093484,Outerwear
RH091056,Accessories
RG074102,Health
KA066426,Travel
VY088461,Tops
MM027639,Home
BK006338,Health
WW058734,Snacks
AI086285,Snacks
IJ021121,Electronics
DE053807,Kitchen
LZ016012,Accessories
IK020923,Frozen Foods
AI061783,Accessories
CM032751,Garden
GQ074380,Frozen Foods
XP059026,Condiments
OA095700,Desserts
UE086249,Prepared Foods
GU068229,Produce
XW060260,Audio
GO006694,Activewear
HU066299,Snacks
GL049016,Beverages
WM098875,Snacks
KP075796,Canned Goods
VH053108,Frozen Meals
OS093484,Sauces
SZ015455,Snacks
CM032751,Apps
DG015801,Outdoor
TI096309,Apps
BW040945,Home
CZ054222,Canned Goods
UJ056106,Canned Goods
MM027639,Home Appliances
DU053934,Kitchen
PW078874,Tops
YY017812,Baking
HF000394,Beverages
LI027396,Meal Kits
KF007013,Canned Goods
ES011889,Health
RU014698,Meat
MC022478,Kitchen
ZG005436,Tops
LT063474,Garden
RZ091372,Kitchen
SK069393,Meat
GS009902,Baking & Cooking
SL056460,Kitchen
BW070185,Outdoor
FV080737,Home
CK064882,Tools
CT082216,Fitness
BS091864,Grains
TK000744,Toys
VZ013231,Snacks
VJ044865,Kitchen
TV075977,Automotive
ON002990,Accessories
FQ085678,Meat
WE022231,Seafood
ZX011281,Health
EH003110,Produce
KT034728,Prepared Meals
UT094280,Pets
MR095188,Condiments
KP075796,Deli
WT037292,Crafts
FR008830,Beverages
ON014862,Fitness
ET081928,Garden
GU068229,Outerwear
EC023699,Baking
MQ028717,Outdoor
IB052398,Frozen Foods
HT054255,Grocery
WL011058,Unknown
QZ098914,Spices
LC070027,Bakery
VH053108,Accessories
VQ077263,Bottoms
NL063938,Outdoor
WN068197,Frozen Foods
IR005341,Automotive
NS069640,Dairy Alternatives
CP050234,Outdoor
PC005521,Dried Fruits
XI060063,Pets
GT094069,Produce
DF076925,Produce
DG084549,Electronics
LA090979,Canned Goods
ON014862,Snacks
UM003359,Outdoor
WJ028001,Home
RL033705,Pets
NW031911,Snacks
EO027251,Unknown
QR018108,Prepared Foods
LZ057158,Photography
JA025925,Meat
GE054896,Kitchen
CG060898,Condiments
KP075796,Prepared Meals
XT003630,Garden
ZZ038073,Condiments
BW070185,Salads
RZ091372,Grains
EC023699,Pets
ZV019823,Frozen
KI071073,Canned Goods
KO026009,Frozen Foods
JJ041546,Health
ET081928,Outerwear
KI039617,Fitness
VW049815,Baked Goods
VN053462,Canned Goods
DL069151,Accessories
CS062668,Prepared Foods
ZZ038073,Pets
HU066299,Kitchen
OC075408,Outdoor
CN088504,Garden
WL011058,Seafood
MZ059755,Kitchen
VS093416,Snacks
IZ050669,Fitness
HG027398,Home
ZU044069,Health
LT073005,Kitchen
VJ044865,Grocery
GS009902,Condiments
PB063442,Dairy
DS088458,Accessories
IB052398,Desserts
IA020578,Electronics
QP097532,Home
OO095727,Produce
XW065274,Baking
YL006843,Snacks
OS018365,Snacks
WU037718,Smart Home
RK016062,Beverages
YB068814,Outerwear
LV083814,Grains
AU020860,Baking Goods
TD068892,Gourmet Rice
BT046086,Pets
RG074102,Canned Goods
BC098676,Oils & Vinegars
EC073665,Travel
DT034609,Accessories
BK070785,Produce
QA083352,Kitchen
YE056156,Meat
VA049493,Condiments
LT063474,Soups
VQ077263,Fitness
BQ020024,Health
ON076441,Kitchen
RU058520,Accessories
SO014368,Electronics
VN053462,Snacks
SK069393,Beverages
IZ050669,Office
IT060395,Unknown
LM010826,Frozen Foods
IE078913,Produce
SC035811,Accessories
FB017220,Prepared Foods
JJ041546,Clothing
KX027147,Unknown
XW060260,Loungewear
JJ088756,Frozen Desserts
IK020923,Kitchen
EG074592,Snacks
FX080042,Frozen Meals
XX019740,Audio
WQ052828,Kitchen
TV075977,Home
JQ000431,Baking
BD074505,Home
KA066426,Snacks
EL072097,Seafood
PS010060,Condiments
KF007013,Breakfast
CI029431,Fitness
GL001659,Electronics
GE099058,Snacks
SE071898,Snacks
QP011273,Condiments
QZ098914,Dried Fruits
NL063938,Automotive
YD055268,Frozen Foods
AZ097587,Dairy
RG074102,Fitness
AM087505,Prepared Meals
VO050040,Home
GQ074380,Automotive
HU066299,Music
VQ077263,Pets
ZR069261,Health
OF087559,Snacks
CX034161,Bicycles
TV097382,Outdoor
MM027639,Snacks
AC032117,Fitness
UD042022,Canned Goods
UD042022,Clothing
QJ086664,Snacks
BS091864,Meat
PS058519,Snacks
SC091752,Snacks
KM028653,Home
SO014368,Accessories
QZ098914,Garden
YL039169,Garden
LH043536,Pets
DF037287,Electronics
HY047879,Seafood
ZZ015342,Condiments
BH051558,Toys
RU014698,Frozen Meals
ZJ097568,Frozen
WD060968,Kitchen
EE025228,Unknown
PC066841,Health
WI001306,Accessories
MQ028717,Household
KI039617,Outdoor
LE047809,Outdoor
SL056460,Clothing
IM018779,Beverages
XQ042731,Breakfast
PI013145,Pets
YY017812,Home
DE053807,Produce
KI039617,Electronics
HU066299,Home
OS018365,Kitchen
KF007013,Home
BB034030,Prepared Foods
VN077787,Outdoor
WJ002428,Outerwear
AK047185,Frozen Foods
IT060395,Snacks
YR051031,Seafood
NT059759,Dairy
DT034609,Breakfast
FL017847,Unknown
EG051605,Accessories
PD029610,Snacks
YR000590,Pets
MX029359,Snacks
SY098673,Kitchen
YO052337,Snacks
AG018641,Kitchen
PM034573,Health
WU037718,Kitchen
ES011889,Prepared Foods
TS016028,Smart Home
XT059837,Salads
YB068814,Grains
CS060883,Seafood
JY078378,Toys
OF068322,Tops
TA007457,Meat
NL063938,Kitchen
VB070907,Household
FR010822,Prepared Foods
NS050281,Snacks
LJ099998,Accessories
CX029462,Home
TV075977,Snacks
TI096309,Soups
VZ013231,Pets
RJ028775,Condiments
OC007575,Bicycles
IU068896,Computers
MC053747,Produce
VQ012259,Home
ME069506,Snacks
FB017220,Audio
PV023147,Electronics
RV066355,Office
OC000381,Music
VQ077263,Garden
ZO077373,Condiments
UD042022,Home
OS093484,Electronics
MS069774,Electronics
IN017659,Kitchen
BB034030,Home
DG015801,Beauty
AZ010927,Garden
DI067107,Activewear
AS023969,Kitchen
XS071006,Kitchen
CS060883,Photography
FB057385,Frozen Food
IS067894,Health/Protein
ZV019823,Beverages
FQ085678,Beverages
JC064172,Condiments
RL033705,Produce
IP099218,Condiments
GL049016,Home
VH053108,Tools
ZU048884,Home
SE071898,Breakfast
VN053462,Soups
BE030274,Outdoor
CN044542,Gaming
EC023699,Kitchen
PS058519,Tops
DL069151,Pets
JX035609,Condiments
CS060883,Prepared Foods
QZ098914,Breakfast
NS069640,Kitchen
IR004773,Art Supplies
GI077536,Electronics
RX020470,Snacks
DF037287,Home
RH091056,Home
VH082132,Outdoor
WW058734,Meat
WW058734,Confectionery
WC070179,Dressings
LO028977,Kitchen
VN096733,Kitchen
AS095657,Electronics
RU014698,Grains
SV087663,Nuts
KA066426,Condiments
DB069706,Beauty
LQ014108,Condiments
CI029431,Canned Goods
JQ000431,Bakery
KI071073,Condiments
RV066355,Beverages
EE025228,Garden
HB010382,Snacks
LR047669,Snacks
RG061998,Fitness
HL006234,Vegetables
XF023093,Dairy
LT061731,Frozen Desserts
MX029359,Accessories
EH003110,Outdoor
UM003359,Art Supplies
NL063938,Condiments
CJ007867,Outdoor
GV013637,Frozen Fruits
EA084656,Unknown
FQ085678,Dairy
IZ050669,Canned Goods
SZ015455,Kitchen
VB070907,Condiments
FQ076657,Condiments
NT059759,Snacks
XX025759,Home
CN044542,Breakfast
NO061115,Outdoor
XT003630,Frozen Vegetables
IU068896,Baking
RK023565,Canned Goods
NT059759,Kitchen
DF076925,Loungewear
BS041004,Health
CM032751,Dairy
OX028733,Kitchen
LR010971,Beverages
XW065274,Home
FA035790,Toys
NS050281,Outdoor
LJ099998,Condiments
AM087505,Crafts
HH019414,Baking
DS078483,Electronics
WG067728,Home
MJ019298,Pets
LC070027,Meat
VH053108,Frozen Food
WZ006306,Electronics
OI064452,Kitchen
WJ002428,Seafood
EQ091946,Frozen Foods
IL085160,Home
IK020923,Home
AP000049,Breakfast
OC000381,Vegetables
YK006641,Fitness
WM098875,Cooking Oil
BE030274,Frozen
DB069706,Home
ZX011281,Bottoms
SQ012620,Condiments
KF020921,Kitchen
QP039114,Toys
XS071006,Pets
MG062062,Kitchen
RU058520,Pets
ON036523,Dried Fruits
FQ085678,Unknown
AM087505,Kitchen
SC091752,Home
FB057385,Prepared Meals
YC016347,Kitchen
RK023565,Health
MC053747,Toys
BS091864,Unknown
QT054547,Garden
AR080205,Dairy
IG071259,Home Security
AP000049,Health
ON048367,Grains
VQ012259,Outdoor
TS016028,Sauces
QZ098914,Kitchen
XQ042731,Health
QP099191,Fitness
OH046670,Dairy
BJ071974,Kitchen
NI003473,Oils
AX035056,Electronics
HL006234,Home
ZD091276,Footwear
DG084549,Grains
AK047185,Safety
UF084710,Breakfast
MJ019298,Fitness
QA056461,Fitness
IE078913,Garden
BW040945,Outdoor
ZJ097568,Automotive
IW074591,Bakery
IB052398,Fitness
EC073665,Tools
UF054954,Frozen
VP069504,Fitness
BJ071974,Sports
XP059026,Meat
MZ059755,Snacks
VJ044865,Frozen Meals
JA054648,Beauty
IT060395,Prepared Foods
HQ099406,Frozen Foods
LY095086,Toys
RK016062,Seafood
VQ077263,Frozen
JJ088756,Bottoms
GL049016,Snacks
HU076125,Fitness
EQ042956,Toys
XF021035,Condiments
PD029610,Electronics
GV013637,Home Appliances
NL024977,Furniture
CA010518,Travel
ON036523,Soups
BJ071974,Frozen Foods
PC005521,Condiments
RV066355,Cooking Oil
ET081928,Snacks
VZ013231,Kitchen
IE078913,Home
NL063938,Home
IN017659,Sauces
MG062062,Pasta
NS050281,Produce
GD051430,Bakery
RP069641,Kitchen
RL033705,Snacks
GQ074380,Accessories
QP039114,Fitness
AR080205,Music
HH019414,Oils & Vinegars
SO014368,Home
LR010971,Condiments
MQ026669,Accessories
RJ028775,Snacks
OA095700,Frozen Food
GH044368,Snacks
LT061731,Smart Home
IR005341,Fitness
NL063938,Salads
LO011592,Kitchen
AC065424,Garden
XP059026,Kitchen
YG065949,Bakery
XW065274,Pets
BK006338,Canned Goods
UJ056106,Baking Goods
ZD091276,Pasta
RH078718,Produce
NI003473,Frozen Foods
HU076125,Dairy
AP095673,Bakery
OC007575,Garden
PV023147,Home
GD051430,Canned Goods
QN014838,Snacks
CM032751,Accessories
FB065898,Beverages
WM098875,Unknown
XS071006,Jumpsuits
EP001992,Snacks
FG094679,Sauces
BC098676,Electronics
JJ088756,Frozen Food
WU037718,Audio
WI001306,Snacks
ON048367,Outerwear
LT063474,Kitchen
QP093451,Electronics
QJ086664,Meat
GT004985,Meat
CV050185,Grains
EC082879,Electronics
IK076547,Baby
QP093451,Kitchen
LH034480,Accessories
EY021607,Accessories
OH082802,Snacks
AG018641,Dried Fruits
HU076125,Pets
TM070339,Kitchen
AI061783,Outdoor
UI012965,Electronics
UD042022,Produce
EG051605,Footwear
PN010412,Health
LZ016012,Electronics
BJ071974,Bicycles
PB056769,Beverages
MZ028353,Bottoms
LH043536,Electronics
CJ007867,Jumpsuits
PB063442,Soups
EY021607,Beverages
UE086249,Health
RG074102,Pets
TI096309,Art Supplies
PC066841,Audio
OA095700,Clothing
IN017659,Smart Home
ZN096535,Pasta
MG062062,Canned Goods
CT082216,Beverages
IW074591,Electronics
VY088461,Snacks
TD022773,Beverages
AU020860,Sauces
HS084179,Bathroom
ZZ038073,Outdoor
SG039360,Canned Goods
WE022231,Condiments
AK047185,Frozen Food
VY088461,Accessories
ZZ038073,Meat
AZ097587,Bakery
RU058520,Electronics
CS092679,Electronics
QV089026,Frozen
AU020860,Outdoor
QP011273,Kitchen
UT094280,Accessories
GU068229,Toys
PH033131,Beverages
BW070185,Snacks
ON085793,Outdoor
HU076125,Meat & Poultry
FB065898,Seafood
CP050234,Snacks
YX078642,Condiments
AC032117,Home
RJ028775,Outdoor
BJ071974,Automotive
HH062390,Meat
JX027350,Garden
FB057385,Home
FH015492,Frozen Meals
GL001659,Salads
TK000744,Pets
HS084179,Home
VW049815,Fitness
YZ074670,Kitchen
EQ091946,Outdoor
WV028647,Art Supplies
QJ086664,Home Appliances
OO095727,Home
ZO077373,Automotive
VH068058,Outdoor
KF007013,Sauces
XH062520,Kitchen
VB070907,Home Appliances
CS062668,Meat
UF084710,Seafood
XI060063,Pasta
EH003110,Home
WX069469,Bakery
UQ060377,Kitchen
VH068058,Salads
YK006641,Footwear
AM053527,Soups
RZ091372,Snacks
WI001306,Audio
TI096309,Home
VG072993,Photography
KI071073,Kitchen
SC091752,Kitchen
TI096309,Pasta
XH062520,Canned Goods
CS062668,Produce
CX029462,Photography
DO001772,Outdoor
CM032751,Snacks
PK032320,Dairy
FY080136,Beverages
QP093451,Frozen Foods
BT027523,Outdoor
HF000394,Accessories
BW040945,Kitchen
VP069504,Garden
RV043501,Outdoor
GI077536,Kitchen
WE022231,Tools
ZV019823,Condiments
RO013242,Condiments
OA095700,Canned Goods
RO013242,Cheese
PN010412,Home
FQ069496,Garden
TP022524,Frozen Desserts
DU007963,Produce
TM070339,Outdoor
WG067728,Grains
TM070339,Sauces
FB065898,Frozen Food
WQ052828,Pasta
LQ014108,Snacks
HG027398,Breakfast
IM018779,Outdoor
JK073255,Sauces
OH082802,Frozen
MX029359,Grocery
HT054255,Garden
CY070612,Condiments
FO087533,Canned Goods
IA056476,Health
GD051430,Snacks
YC083120,Breakfast
RW041477,Sauces
KW041893,Pets
YX078642,Outdoor
PL062395,Fitness
LR010971,Home
YR022592,Kitchen
UX079399,Home
EB064981,Toys
CT082216,Home
ZE046661,Pets
BB034030,Kitchen
WG067728,Meat
HY047879,Pets
CG060898,Snacks
BH051558,Tops
FB065898,Dairy
FR022820,Beverages
KE097740,Frozen Foods
HY047879,Outdoor
TD022773,Seafood
PI013145,Snacks
ZT062653,Frozen Vegetables
WW058734,Pasta
ON048367,Electronics
ZU044069,Home
CZ054222,Pasta
CP050234,Cooking Oil
IW074591,Activewear
ZD091276,Home
EB064981,Outdoor
TU039036,Photography
SJ097729,Condiments
DI067107,Pasta
DP081891,Bakery
PC066841,Bakery
BD074505,Prepared Foods
NF066979,Garden
LJ093742,Dips
EE025228,Nuts
XH062520,Snacks
DU007963,Frozen Foods
OK062011,Outdoor
RV066355,Home Security
CN044542,Electronics
ES011889,Snacks
IT060395,Beverages
MJ019298,Shirts
TP022524,Outdoor
IA056476,Unknown
YE056156,Kitchen
PC066841,Garden
XB095293,Travel
HC025261,Snacks
EC073665,Frozen Food
IK076547,Canned Goods
LV083814,Household
HL006234,Kitchen
OI064452,Canned Goods
XW065274,Canned Goods
KI039617,Home
AC082690,Smart Home
IO007481,Outdoor
CX034161,Gaming
VN077787,Frozen Foods
KX038689,Condiments
SV087663,Bicycles
GT094069,Frozen Foods
ZR069261,Meat
YG065949,Fitness
KF020921,Garden
IU068896,Beverages
OX028733,Accessories
HL006234,Footwear
PV023147,Office
EO027251,Bakery
DE053807,Vegetables
MQ028717,Electronics
VQ012259,Bathroom
OF068322,Beverages
XQ042731,Garden
BT027523,Home
PC066841,Outdoor
FV080737,Frozen Foods
UG081307,Kitchen
FR010822,Kitchen
QC015889,Activewear
FQ012040,Beverages
RU014698,Pets
MU027586,Condiments
OR048214,Produce
ZJ097568,Condiments
YG065949,Home
QV089026,Soups
YD055268,Grains
IZ050669,Frozen Food
LZ016012,Kitchen
ZU044069,Baked Goods
BS041004,Garden
CI029431,Garden
GL088865,Frozen Foods
DN065667,Fitness
PH007244,Desserts
AK052576,Jams & Jellies
WH063347,Baking
UZ041116,Books
UQ033256,Photography
VY028571,Produce
BP009480,Kitchen
SX073160,Home
DB016992,Snacks
NA063350,Soups
IC043400,Snacks
CE049433,Cooking Kits
SZ028845,Toys
QX063911,Snacks
KJ087516,Toys
YC086368,Frozen Foods
FS025615,Tops
EU081196,Kitchen
OI044600,Pants
TE085685,Health
BQ000218,Bakery
JU097456,Condiments
AN067903,Snacks
SA018814,Kitchen
UD018779,Canned Goods
DH029445,Wearable Tech
XU003449,Condiments
WS048825,Safety
XT079740,Pets
IY088933,Frozen Foods
FR097644,Pets
AH010274,Garden
WB038596,Home
EH082528,Baking Goods
VA068865,Fresh Produce
KF095712,Audio
AW002721,Pets
XL007458,Snacks
HS079253,Prepared Meals
ZM067254,Home Improvement
QU064323,Shirts
GZ075930,Condiments
XA015610,Home
QG032787,Smart Home
BH069063,Frozen Foods
GT096217,Smart Home
NL026223,Kitchen
VL086290,Baking
VA096935,Electronics
AI087863,Seasonings
WF009587,Snacks
SJ036890,Breakfast Foods
ET028434,Frozen
PA056440,Produce
IF065494,Breakfast
HD049219,Frozen Foods
ZU040871,Produce
VR073461,Toys
DN090133,Wearable Tech
UB099492,Meat
KV079867,Dairy
VX036428,Snacks
TB042465,Unknown
FM007562,Fruits
IR090467,Kitchen
YJ015564,Bottoms
GF046966,Shirts
EN095499,Cereal
NN085761,Health
FM038251,Grains
FP094467,Toys
BO084720,Frozen Foods
UP072366,Breakfast
PD057509,Home
JK054984,Garden
MU012349,Fitness
GN005894,Bakery
KS085086,Canned Goods
PI058311,Baking
UB091894,Toys
NU019767,Dairy
ZV090686,Outdoor
IR042162,Outerwear
QY014273,Sides
GI052318,Smart Home
HX004230,Canned Goods
VS020667,Home
ED077243,Kitchen
LS079402,Condiments
JW035277,Condiments
WY083017,Dairy
JF074393,Accessories
QO037228,Beauty
KZ037486,Garden
QS051387,Kitchen
AB038835,Grains
LW093996,Breakfast
JX021513,Produce
QP035792,Prepared Meals
ZF067165,Toys
SV026652,Canned Soups
RR095548,Home
EN046189,Snacks
ME013240,Bottoms
GH031815,Outdoor
OA021360,Bakery
VP039957,Footwear
JC078143,Beverages
QJ084755,Unknown
MN070519,Snacks
TS055510,Electronics
WQ043317,Cereal
YV090940,Tops
DN003667,Shoes
ZU012906,Baked Goods
QO078955,Condiments
PC098340,Meat
SD067440,Beverages
LB002042,Frozen Foods
VN016029,Kitchen
PH066906,Baking
QS013205,Kitchen
JD000821,Toys
PV010035,Pantry
EP091516,Snacks
LG075926,Toys
LA010216,Accessories
EE091486,Books
IE054962,Condiments
ZA078978,Snacks
JZ045419,Canned Goods
CY035064,Cereal
NP082528,Home
AP043204,Sauces
AD018781,Art Supplies
LS042628,Outdoor
JO021400,Frozen Vegetables
WY045209,Bakery
JT099759,Snacks
YA023094,Outdoor
LT091754,Automotive
WB006787,Fitness
JX052250,Condiments
HK012695,Vegetables
XS079360,Condiments
MZ022736,Meal Kits
LZ099567,Snacks
XQ061161,Kitchen
ZE028699,Fitness
BG067938,Snacks
PC009344,Audio
GI045942,Dairy
YR079674,Toys
AV098482,Frozen
RN011633,Kitchen
RV027833,Kitchen
KW047861,Kitchen
TL082440,Snacks
GW030557,Photography
XM073152,Meat
SO064414,Garden
XH089973,Pets
ML099661,Condiments
AT000491,Office
ZG086891,Snacks
MM030737,Kitchen
PJ007525,Salads
AA082538,Canned Goods
IJ087400,Electronics
RL011860,Pets
OJ054177,Pets
QJ021663,Frozen Meals
CI063538,Office
KG094838,Breakfast
XM072486,Unknown
QD064688,Outdoor
RV090685,Fitness
FI092285,Produce
HY027178,Prepared Foods
ZD013772,Dairy Alternatives
QI072534,Baking
CX085558,Baking
HZ067276,Outerwear
YI090050,Fruits
ZH095564,Salads
JB087618,Pets
ZO047287,Grains
XQ010209,Beverages
YY051280,Condiments
FH011340,Canned Goods
IE022809,Condiments
GF053527,Bakery
QB068412,Outdoor
FP036501,Grains
VL010206,Office
SD046454,Fruits
RI080002,Home Appliances
QE008063,Frozen Foods
FF013421,Books
EO019371,Frozen Foods
HV092307,Health
EW049219,Soups
VK070740,Sides
QI022646,Snacks
MT040981,Kitchen
UM016492,Kitchen
ZN094457,Electronics
VJ072782,Outdoor
WP022841,Condiments
YZ016769,Audio
IS060028,Fitness
SD004526,Pets
GC074723,Home
UI038425,Snacks
WP034593,Unknown
DL090299,Home
KO035342,Home
BY044939,Activewear
LZ099384,Electronics
ME002547,Fitness
CI065519,Kitchen
RS003675,Kitchen
MX081831,Kitchen
AH075428,Seafood
CW018722,Pasta
MC009367,Prepared Meals
SC094075,Snacks
SH096153,Unknown
RE017445,Fitness
MZ024523,Toys
WR060165,Fitness
SW004365,Outerwear
XV071063,Dairy
LQ081891,Beauty
DV044743,Kitchen
IA068747,Meat Substitutes
HL011929,Desserts
OV004753,Produce
LD007414,Condiments
KQ085722,Meat & Seafood
RK059956,Health
NQ088316,Frozen Meals
KJ085718,Produce
NL045895,Condiments
NY046491,Meat
IG031604,Fitness
EY065647,Electronics
VL043658,Meat
WN063128,Meat Alternatives
JK033717,Kitchen
OO034407,Beverages
TY009287,Snacks
VC000359,Beverages
WW007177,Outdoor
OW060749,Office
RS009019,Canned Goods
LJ044431,Meat
NM096136,Baking Goods
CW016254,Frozen Foods
CV078630,Outdoor
YI027655,Home Appliances
BK071541,Snacks
HW017159,Frozen Foods
MA036960,Condiments
UI094785,Travel
MN066756,Outdoor
GI084101,Salads
XO053297,Fitness
AZ025752,Grocery
AF097977,Bakery
WU034546,Condiments
HA092975,Prepared Meals
VU020909,Home
RI085142,Health
JV045570,Smart Home
TL081462,Bakery
FN031412,Dairy
NI063910,Canned Goods
DB076382,Baking
KQ078847,Canned Goods
UP023658,Snacks
NC044531,Kitchen
DV062734,Outerwear
GZ036067,Fitness
PS055550,Canned Goods
IQ013717,Garden
OL090076,Kitchen
CI047459,Beverages
CN026558,Gaming
PS072484,Photography
XC052104,Dairy Alternatives
BH049839,Bottoms
LJ052052,Kitchen
CI094569,Dairy
ZN054007,Bakery
PU001485,Salads
FR055265,Home
MB001039,Tops
GU043275,Pets
ZJ082434,Pets
YP002686,Frozen
UX080507,Accessories
QE055204,Wearable Tech
YU021796,Health
QO045038,Outdoor
LV044689,Pets
AU098362,Pants
BP049300,Seafood
NB042671,Sweaters
YL083482,Clothing
RJ089647,Salads
SI044225,Health
ZF096387,Tops
UG025616,Outdoor
BG008323,Kitchen
BS070916,Cheese
KM002501,Footwear
QE036054,Condiments
PX056703,Breakfast
PI091780,Fitness
LS003096,Dairy
YG067723,Sauces
IV014356,Dairy
NS010036,Kitchen
LT013497,Snacks
DV092909,Home Security
ZI048667,Kitchen
TH064321,Audio
YN069292,Frozen Meals
JP001928,Condiments
OI031521,Snacks
HV046457,Accessories
IX090844,Frozen Foods
RO048401,Home
SP051385,Spices
NI013452,Unknown
ME044653,Spices
SK023909,Pets
EH033381,Accessories
XD031860,Snacks
UG032828,Snacks
MT015986,Accessories
JS088212,Condiments
LE068160,Seafood
VZ070354,Beauty
EV094862,Canned Goods
CC017502,Condiments
KZ002772,Accessories
QV077520,Grains
BH038149,Fresh Produce
VU087736,Pets
ZQ067022,Produce
RZ076572,Snacks
YZ017964,Home
VG068486,Frozen Foods
BU040408,Home
YH085602,Home
SX036007,Desserts
BP082562,Fitness
VO004755,Frozen Foods
HZ072092,Pets
JZ035822,Office
VX097799,Shoes
ZC082059,Fitness
TL074129,Storage
QT000911,Frozen Foods
EN019067,Home Appliances
VF019448,Baking & Cooking
UZ034387,Health
QX002232,Fitness
SJ061629,Breakfast
HH054944,Pets
GT096470,Meat
LS092336,Condiments
IO065243,Frozen Foods
UO091520,Beverages
JQ001839,Photography
PQ058676,Beverages
VE074010,Fitness
WQ091942,Sauces
KB037055,Kitchen
EQ064556,Home
DB021569,Kitchen
FT095862,Prepared Meals
OJ022123,Electronics
AB074660,Snacks
LE027990,Pets
SK022778,Kitchen
JA032813,Sauces
XC022001,Accessories
QD046275,Snacks
KF073024,Condiments
EA005155,Snacks
IL069417,Kitchen
KV088861,Tools
LN034992,Baking
DF046235,Kitchen
ZE011803,Nuts
TU073068,Frozen Foods
WG051063,Snacks
JX029371,Snacks
PS067306,Health
GJ001492,Pets
QJ071404,Accessories
TE030347,Unknown
WB049391,Bakery
UY018382,Unknown
TG057602,Pasta
QX050839,Frozen Foods
XL046143,Baking
EC090021,Dairy
GF041209,Spices
JF083749,Outdoor
TU074939,Nuts
EL037090,Breakfast
AS015367,Clothing
ST035959,Home
TL083347,Kitchen
AF034110,Accessories
CU013761,Kitchen
SI046944,Dresses
BS026664,Frozen Foods
XX070821,Home
CX005224,Soups
RL034984,Home Appliances
KX025693,Garden
LN011008,Electronics
EM067008,Home
NG020450,Cereals
XY049960,Swimwear
MN038291,Kitchen
SQ049139,Meat & Poultry
RU015049,Pets
YN041788,Home
JL015551,Bakery
ZR051351,Kitchen
FQ032516,Condiments
TA052822,Outdoor
RA003065,Home
NM046131,Dairy
QR090275,Frozen Foods
UD011052,Frozen Food
MQ043869,Outerwear
DB097734,Beverages
RO095078,Garden
FL074786,Beverages
AN085942,Frozen
RE042279,Spices
HK078634,Snacks
WU013141,Home
BS057899,Accessories
QU063405,Unknown
TW093604,Kitchen
MR095329,Bakery
WL003899,Outdoor
TZ090696,Smart Home
DK038977,Pets
NK053121,Snacks
QB036725,Grains
AM073109,Kitchen
MW039222,Electronics
LS090282,Health
WV063124,Garden
MH026245,Outdoor
AN081634,Toys
WU087373,Sides
HU045910,Salads
UG008536,Kitchen
TP046021,Pets
VM084376,Toys
BY049665,Snacks
AF017188,Fitness
HO048936,Outdoor
ZA002390,Frozen
GA068521,Baking
BA026810,Baking
SO087613,Kitchen
WK090872,Canned Goods
WG036845,Kitchen
YC099806,Accessories
UK036265,Household
TU015086,Pasta
JB026149,Photography
AI044009,Dairy
IC017936,Sauces
WW087372,Outdoor
OF045597,Dried Fruits
KJ075692,Kitchen
BS010703,Frozen Foods
EN033438,Outdoor
DW090329,Produce
WQ060846,Canned Goods
DN039457,Baking Goods
RW034168,Outdoor
WM079673,Produce
QV062124,Frozen Desserts
HJ084432,Kitchen
DK076764,Garden
SY096175,Baking
EW029525,Condiments
NQ020744,Frozen
QP077767,Home
WC079370,Snacks
AO056559,Canned Goods
LZ065481,Bottoms
WS020835,Dips
IJ013623,Grains
DU051225,Meat
CP059861,Meat
IB095742,Kitchen
XV048353,Frozen
EP087185,Garden
QU051988,Toys
LQ038103,Garden
TG020394,Soups
SZ017967,Bakery
ZL056734,Prepared Foods
LO057816,Fitness
VP097402,Frozen Foods
SE067568,Outdoor
ED095013,Kitchen
IO069467,Beverages
YB039700,Kitchen
HD021639,Snacks
YF052418,Dairy
IF091301,Accessories
CA030014,Frozen Desserts
KL011759,Frozen Foods
NH025052,Accessories
KH007298,Meat
PH057022,Meat
PO077775,Snacks
CI017444,Dressings
VT003037,Fresh Produce
XC043999,Health
PR057862,Health
OF024277,Outerwear
EP021456,Home
RJ066844,Photography
AV065219,Electronics
SI068476,Kitchen
DL034385,Oils
FL023278,Kitchen
BJ073424,Kitchen
MK066395,Outdoor
VC003532,Toys
PH086509,Produce
KG041505,Home
HM012289,Snacks
AD059958,Outdoor
QS084537,Snacks
IS015519,Pets
FR021285,Art Supplies
US072454,Soups
RL060468,Garden
AU023934,Electronics
ZI021823,Electronics
KU005991,Snacks
OM008296,Condiments
SV005615,Bathroom
AJ061734,Office
TG095455,Kitchen
SP096030,Home
ET004017,Kitchen
MG026043,Accessories
JE057396,Snacks
HC096070,Home
TG062645,Outdoor
PJ085186,Vegetables
GE022306,Snacks
NL099390,Kitchen
RS095407,Frozen Food
CM082127,Kitchen
FL084788,Audio
ZX017435,Frozen Foods
EO052867,Electronics
AT088944,Kitchen
MI037927,Breakfast
CT084027,Frozen Foods
ZJ021956,Outdoor
CD061254,Meat
JP088931,Condiments
CZ067107,Condiments
RF084560,Fitness
CQ022087,Electronics
XH090657,Condiments
XR071846,Accessories
RR093510,Meal Kits
CI010391,Condiments
GK053203,Kitchen
DR024486,Kitchen
KR019011,Frozen
PZ030403,Home
DX029578,Bakery
EG048663,Seafood
XW023270,Bottoms
VR088895,Garden
UY036912,Outdoor
GK047288,Breakfast
SJ047155,Coats
AM064814,Home
SH009313,Breakfast
YB018580,Grains
KS028608,Dairy
ZI042465,Kitchen
PD082916,Soups
ZL019007,Bakery
DX069523,Snacks
XH053400,Snacks
KY059035,Fitness
NX047194,Canned Goods
EQ010194,Condiments
OB023934,Frozen
GG019073,Art Supplies
ID021245,Toys
BS042116,Kitchen
WY025631,Toys
PA071665,Tops
QY078216,Unknown
TQ082968,Kitchen
YN034298,Household
CE014812,Cooking Oil
SX049075,Outdoor
XY076155,Accessories
ZL030303,Condiments
VI051655,Fitness
TA012491,Beverages
IN043957,Condiments
OY004702,Condiments
VT041647,Prepared Foods
WB009533,Fitness
KI094688,Snacks
CU071854,Frozen Fruits
RA032562,Outdoor
GS069537,Grains
BY030770,Condiments
NF082625,Accessories
HS044934,Frozen Food
WK093304,Baby
UZ040918,Accessories
WJ019782,Beverages
UZ076560,Office
AF024347,Pasta
OR072982,Health
LF028884,Cereals
ZF079304,Frozen Food
IG069030,Dairy
UW010822,Meat
BX022744,Dairy
JN055575,Seafood
DZ016748,Fitness
DR037101,Breakfast
QZ002163,Frozen Foods
YK016460,Vegetables
FX038830,Canned Goods
RF029189,Canned Goods
RM072522,Frozen Food
RO040855,Office
JH052440,Cooking Oil
HA080961,Kitchen
OU089821,Baking
AD083635,Office
CW016433,Tops
RH011239,Snacks
ZK053653,Outerwear
KV009154,Outdoor
CR067815,Oils
NW039485,Electronics
AY051077,Seafood
YS026380,Home
IV041788,Beverages
DK001668,Kitchen
BR053493,Snacks
NC052725,Seafood
XS092609,Kitchen
BO009976,Food
DB010075,Art Supplies
EN013639,Kitchen
YK067421,Beauty
GR072673,Automotive
AT048650,Meat
IY067082,Frozen Foods
PM056793,Salads
CW073149,Outdoor
YQ007841,Canned Goods
BL011113,Home
PJ011998,Outdoor
AS043138,Breakfast
LO024035,Pets
HE070720,Automotive
HL001077,Dresses
EQ089119,Snacks
PH063336,Frozen
LJ033056,Dairy
RW089837,Electronics
SI088459,Baking
VR051350,Pasta
VE086928,Breakfast
OT013835,Furniture
ME043549,Condiments
VK056252,Audio
UF055418,Home
JF099033,Garden
AW002047,Oils & Vinegars
GO094855,Home
OL049276,Salads
KQ076140,Kitchen
BE082748,Home Appliances
HU036278,Tools
ZM021102,Shirts
LC014602,Beverages
PL016726,Kitchen
WA007289,Frozen Desserts
TN058879,Coats
AV018732,Pets
MR008619,Sauces
NF030175,Fitness
JP043087,Oils
JW062283,Fresh Produce
MX049795,Kitchen
FE047073,Toys
QY002140,Unknown
RA091047,Vegetables
YS067405,Toys
EZ009057,Photography
XX075943,Pets
PM034368,Seafood
BK015080,Outerwear
TW062342,Breakfast
MQ020532,Snacks
AJ085543,Canned Goods
CW032337,Produce
VE080396,Accessories
WR046326,Breakfast
FZ044713,Produce
JI086277,Condiments
QX065634,Music
QO065192,Home
QA041170,Accessories
HT085599,Accessories
HC068443,Snacks
KC056599,Outdoor
VJ000001,Soups
MN007485,Outdoor
FF006327,Condiments
RP074096,Fitness
PH000245,Condiments
NZ068648,Pets
VG097676,Baking Goods
JC013865,Fitness
RL058947,Beauty
GI087756,Produce
VM011804,Outdoor
OZ002368,Bicycles
RY005763,Dairy
NH018056,Clothing
BN005945,Outdoor
KS039229,Home
VL040439,Footwear
PA042559,Meat
YC040963,Outdoor
AK085492,Fitness
KB089121,Garden
AB044536,Cereals
DN044433,Bakery
SX063057,Seafood
ER098297,Sides
CI080198,Fresh Produce
RB048603,Meat
NI023873,Art Supplies
PE010871,Snacks
XS051911,Grains
NT046611,Kitchen
PM002111,Kitchen
TS065559,Garden
ZT008738,Kitchen
FF034657,Audio
QS080730,Home
DJ043313,Coats
NV029738,Kitchen
YR055025,Frozen Meals
SQ071574,Prepared Meals
ZH079745,Accessories
DO025523,Seafood
OH032509,Baking
TD009755,Soups
US045450,Meat
AW088406,Condiments
FG060564,Pets
JY007290,Canned Goods
KK069748,Soups
UT013207,Home
HA090313,Seafood
ZF098306,Dairy
FD078136,Music
QF096912,Condiments
IZ073211,Crafts
GE053019,Prepared Foods
QL048248,Kitchen
LV060960,Bakery
HB059645,Frozen Foods
IH099008,Home
LP080507,Tools
VV076829,Beauty
CR059424,Garden
BM058105,Office
YU070239,Unknown
LM017638,Kitchen
QY062340,Outdoor
PC057283,Art Supplies
QN051171,Outdoor
LC077250,Baking
TS083873,Pets
XK072439,Kitchen
VX028173,Oils
FP038090,Kitchen
UV063745,Safety
DM054698,Seafood
EL070242,Dairy Alternatives
SO009542,Prepared Foods
MG007783,Condiments
LP059894,Dairy
BU033990,Outdoor
DX022833,Prepared Meals
JY097593,Breakfast
MK076865,Condiments
GP077979,Frozen Meals
QQ059392,Dresses
RV083774,Meat
OX048387,Canned Goods
NX088670,Toys
YJ015756,Pets
JG072775,Produce
ZM034419,Bakery
BB020953,Frozen
RF072447,Sauces
CG034263,Crafts
GK043092,Kitchen
UK082153,Home
TZ099066,Outdoor
GT005594,Snacks
EV065107,Health
SZ029532,Audio
IM075403,Spices
QX062132,Home
TS098639,Baking
AX054740,Beverages
AE024296,Photography
OH016251,Kitchen
XA062036,Spices
IZ094126,Fitness
RH048188,Condiments
FE028662,Snacks
XP049741,Snacks
CA092305,Deli Meats
CV044226,Home
VU047392,Sauces
UC058877,Beverages
OI095558,Kitchen
CK041353,Automotive
BF093479,Frozen Fruits
DI087025,Condiments
UB027570,Beverages
TF019952,Home
QM060761,Unknown
TK074212,Beauty
CA087927,Meat
SG092818,Kitchen
LU003631,Bottoms
PL002706,Salads
UE080086,Kitchen
FO008132,Accessories
IC026987,Kitchen
OP054297,Spices
JF061036,Snacks
WM070927,Meat
GA092044,Kitchen
ZL056677,Kitchen
SV030313,Meat Alternatives
UC085312,Frozen Foods
EJ059466,Pets
PA027980,Accessories
NK048338,Home
AG050253,Dairy
OC046156,Kitchen
HK072555,Audio
SH095800,Condiments
JG042163,Automotive
FD034574,Home
DF083156,Frozen Foods
JX055065,Footwear
YY087078,Audio
OI061305,Health Foods
KL084419,Office
LJ075741,Kitchen
AQ033032,Grains
LP023273,Baking
AN075311,Dresses
YP083426,Home
RP059991,Unknown
UQ049882,Pasta
HO086775,Home
KW017416,Bottoms
HJ050130,Snacks
QO062111,Health
JU048044,Beverages
QX016400,Prepared Meals
WI071300,Snacks
GZ035351,Meat & Poultry
US087233,Baking
OA052244,Fitness
OK043808,Bakery
JZ089997,Smart Home
CK083005,Automotive
HG033101,Frozen Meals
FM098914,Home
XJ082043,Snacks
BZ045826,Art Supplies
UC047864,Salads
SC055301,Loungewear
KZ042617,Pasta
LF075979,Kitchen
EL044114,Dairy
BZ088927,Meat
SN085002,Kitchen
PJ031624,Outdoor
NY090598,Oils
FC095125,Snacks
CZ004181,Outerwear
QZ089600,Clothing
TU064631,Baking
AY061394,Shirts
TR054229,Automotive
TK023470,Snacks
OJ049210,Snacks
FL054662,Photography
HK041507,Kitchen
EI027616,Vegetables
FN007735,Shirts
YC088606,Kitchen
UU075663,Condiments
OL020355,Outdoor
UV010061,Kitchen
SG097274,Unknown
AJ003421,Outdoor
GF026482,Kitchen
MA060866,Household
MX008191,Frozen
LG024852,Beverages
QR058320,Office
CY025899,Prepared Foods
TK088092,Toys
NL086524,Salads
LD096059,Produce
YH011937,Outerwear
GO076088,Grains
RN051669,Pets
TZ099846,Fitness
WY092784,Pets
OH098531,Snacks
MV007311,Snacks
IG077867,Electronics
FQ024636,Pets
JY020095,Grains
NA052444,Electronics
OM091153,Snacks
UM094767,Activewear
DJ066300,Condiments
ZH065754,Art Supplies
GW003708,Electronics
XL066851,Vegetables
GK088122,Bags
XS091814,Beverages
LK040897,Home
WV040740,Dressings
CG001092,Pets
UA060110,Baking
KR000333,Accessories
NN019484,Frozen
PD084839,Home
OO032057,Outdoor
VE086755,Salads
AW000325,Fitness
LC034128,Soups
YH045714,Electronics
TA036446,Grains
FR037207,Snacks
QA089218,Snacks
AX046378,Audio
JB052564,Art Supplies
WB059433,Breakfast
MM017598,Produce
VG058969,Outdoor
RJ046300,Automotive
OO062634,Kitchen
OB033197,Kitchen
SI053381,Produce
UG013203,Snacks
LS049340,Pets
CL067633,Kitchen
ZH061008,Fitness
IX039715,Electronics
OB074191,Condiments
TS039297,Home
NV092462,Prepared Foods
ZT086715,Canned Goods
NV060188,Music
SI003220,Kitchen
ME063747,Kitchen
UZ028511,Automotive
ZF020164,Bakery
UJ043492,Automotive
ZD095703,Photography
GV055568,Frozen Food
FJ049821,Beverages
BL076537,Pets
RT064781,Pets
KB092397,Office
JL050011,Kitchen
CG076713,Kitchen
CZ083315,Kitchen
YE044163,Swimwear
AF078949,Home
ZV093584,Audio
HO079227,Condiments
ZJ050605,Accessories
DJ087727,Garden
XY066839,Home
ME058029,Toys
PN036183,Home
JG096051,Snacks
NL047848,Kitchen
SJ025859,Snacks
YQ083054,Electronics
JC042029,Baking & Cooking
YR070298,Outdoor
XL017698,Kitchen
SF040905,Accessories
TS034023,Bakery
JH070204,Snacks
VI061284,Grocery
YD090839,Outdoor
ZQ065497,Frozen Foods
NA056903,Frozen Food
KE025009,Condiments
MA045531,Footwear
DA047575,Frozen Food
XX026724,Pets
GW042661,Frozen Meals
XK084035,Condiments
SG096213,Electronics
UG026055,Activewear
XH078296,Condiments
LZ095587,Pets
LZ083443,Shirts
PA048858,Produce
AG014651,Frozen Foods
YH040158,Toys
MA074281,Electronics
FT079747,Travel
QT088727,Frozen
ZQ045676,Snacks
XM074532,Salads
ZP026928,Accessories
JU085959,Unknown
IR094031,Garden
TF070491,Breakfast
YM047465,Condiments
PG079525,Frozen Meals
AZ097749,Jumpsuits
IK013443,Seafood
IF037644,Frozen Food
HI044398,Frozen Meals
BP016772,Kitchen
MK002208,Home
QO062851,Unknown
YH085150,Bakery
GR070523,Salads
PJ099279,Kitchen
HK049222,Beauty
BG072589,Condiments
AE076729,Kitchen
AH069084,Grains
RQ055132,Kitchen
RQ082421,Snacks
IT061679,Sauces
PK080557,Breakfast
JG035198,Jumpsuits
KH015426,Vegetables
FX069529,Fitness
IF077277,Produce
RZ079212,Baking
LP050897,Dressings
GF019997,Home
AV063578,Sports
WV001130,Electronics
SD037027,Grocery
DE093942,Kitchen
GU066312,Computers
AQ015573,Audio
UI020250,Kitchen
PP056665,Dried Fruits
QZ013436,Pets
NA010342,Snacks
AH060574,Outdoor
RW015098,Kitchen
SV034037,Accessories
MT002596,Spices
SL047615,Grains
KB076477,Art Supplies
CQ051926,Bicycles
CV007288,Seafood
LT049108,Canned Goods
ZM061425,Kitchen
BS075219,Toys
QL082704,Kitchen
LR026677,Health
SL061184,Salads
DW074081,Kitchen
YN075299,Canned Goods
RF005878,Accessories
ZV038034,Clothing
TV019546,Accessories
UR081132,Vegetables
SD010504,Prepared Foods
KC025675,Art Supplies
OG091659,Frozen Meals
DL026861,Frozen Meals
SB001054,Audio
VI016808,Home
OL048950,Garden
TD011297,Bakery
HM035476,Art Supplies
VO025473,Outdoor
VC032111,Snacks
TW080485,Outdoor
ZE037729,Frozen Vegetables
UG063094,Kitchen
UZ096866,Unknown
AF081406,Dried Fruits
VD004408,Condiments
NG031836,Dairy Alternatives
LN022552,Snacks
OG068846,Clothing
FO073314,Frozen
EU090141,Bakery
WV075860,Kitchen
SO001004,Accessories
HY060250,Smart Home
YE047840,Kitchen
YL098537,Toys
HJ021135,Outdoor
AH005126,Snacks
KS089471,Snacks
YW052155,Footwear
US055702,Frozen Foods
WQ033267,Snacks
US062486,Kitchen
AP076941,Shirts
CI016491,Art Supplies
PE007041,Bathroom
AG017135,Kitchen
MX018157,Home Appliances
ZS062362,Tools
DW053092,Kitchen
MS051122,Fitness
OE027642,Accessories
IG070051,Canned Goods
FW013431,Fresh Produce
PK080953,Home
MM075454,Art Supplies
PJ027942,Pasta
FN076092,Bicycles
ZM009503,Kitchen
FK039902,Sauces
SY051823,Garden
WS085391,Home
FA044334,Meal Kits
VR040181,Garden
EK090755,Health/Protein
BW098864,Snacks
IT088219,Home
KO057621,Outdoor
NL032516,Kitchen
WC043949,Produce
DH080370,Garden
OZ099579,Seafood
PN023944,Condiments
NL081205,Kitchen
YI047930,Condiments
VW009963,Activewear
WQ094918,Vegetables
AD054682,Accessories
QH037193,Dresses
CN094356,Snacks
XR085007,Fitness
TW029209,Dairy Alternatives
KQ072175,Prepared Meals
CS066814,Home
HW076370,Accessories
CZ009356,Produce
OY002886,Outdoor
JB022614,Garden
RB049175,Produce
KF048133,Condiments
GP053483,Fitness
KT041687,Kitchen
WN004765,Condiments
ML069632,Seafood
ZJ018433,Pets
XT069469,Salads
NT081466,Outdoor
PY003682,Spices
JT048775,Condiments
XG006421,Music
FT074164,Cereals
FK085428,Outdoor
QW034647,Beauty
WK099849,Dairy
YL095449,Garden
RB097774,Garden
OO085801,Travel
WF096329,Home
HS084606,Frozen Foods
NJ073993,Snacks
ME042096,Footwear
XG006059,Beauty
ME062104,Crafts
QS018606,Tools
BT031728,Electronics
OR009026,Crafts
WB058353,Condiments
YC027427,Clothing
QL040775,Canned Goods
EC080463,Condiments
XU049563,Kitchen
OH028417,Frozen Desserts
YF060077,Frozen
RW042738,Snacks
ME014195,Music
IB016089,Breakfast
KL022239,Snacks
VL071394,Electronics
PL073919,Snacks
GK087625,Accessories
RJ058904,Frozen
EZ055165,Dressings
KW036100,Office
EN087841,Kitchen
VK044451,Grains
JI000933,Kitchen
FV050103,Home
SL006746,Canned Goods
ZQ030073,Home
WV086487,Outdoor
CA078131,Home
WY082266,Garden
JN070864,Outdoor
EO054158,Kitchen
QR096555,Swimwear
XD096934,Produce
LC050287,Outdoor
GE031233,Prepared Meals
HR005479,Beverages
BD080494,Beauty
LX023667,Snacks
JQ035067,Kitchen
LA094791,Baking
IJ026402,Apps
BD038831,Produce
QX043684,Fitness
AS066653,Oils & Vinegars
ZC032160,Kitchen
FD025833,Canned Goods
DS093759,Sides
ZV091516,Outdoor
VL025064,Beverages
GA074475,Tools
QC085105,Frozen Foods
UI000151,Produce
OE077345,Travel
HW052335,Fitness
IR022880,Bottoms
EY074206,Outdoor
FB080216,Fitness
DK022311,Pasta
DG072872,Health
TO045175,Snacks
BC050160,Unknown
JW074901,Kitchen
NG075055,Bakery
QE059962,Accessories
GJ055955,Automotive
VJ069818,Canned Goods
QR056041,Kitchen
NV050560,Canned Goods
ZM032169,Art Supplies
JO061904,Kitchen
XX049076,Meat
RE023513,Home
NA073721,Garden
HM020831,Outdoor
UN086794,Produce
TW027989,Vegetables
LG038578,Toys
XE021531,Apps
UU060530,Unknown
FT097065,Office
EO008104,Outdoor
RR066857,Smart Home
DZ061534,Beverages
GJ053999,Desserts
WR022963,Electronics
GK091206,Home Appliances
XY062082,Unknown
SO064735,Produce
HO073301,Fresh Produce
FT036560,Bakery
MN012481,Kitchen
LB012571,Seafood
FL047636,Condiments
GM004998,Snacks
NW039508,Canned Goods
ZL004371,Fitness
KU087988,Home
HY001631,Garden
ZZ004203,Crafts
CA019856,Photography
VV074278,Baking
MA056448,Footwear
AQ075990,Fitness
LT014830,Kitchen
CU045471,Kitchen
OB015666,Beauty
TH080158,Frozen
CP078009,Frozen Food
MM092918,Pets
FR054588,Home
QH042205,Cereals
NG026841,Produce
PJ009801,Dairy
OL006434,Baking
OI002335,Accessories
TP013764,Condiments
JJ070774,Home
UO017534,Snacks
PV023036,Pets
IX021840,Dried Fruits
SE065331,Electronics
WQ048430,Kitchen
WM045548,Pets
UO005999,Condiments
HN034556,Crafts
DZ031985,Pets
HN005649,Snacks
XI074573,Snacks
BS084828,Frozen Foods
LU058295,Condiments
RC007922,Pets
LJ056054,Vegetables
CR004433,Photography
LW057529,Footwear
VD008719,Canned Goods
RE007955,Sports
ZP012067,Snacks
RQ033771,Breakfast
BZ024957,Kitchen
SW047979,Baking Goods
RA036163,Footwear
DD082583,Frozen
MA052663,Outdoor
LO006565,Snacks
EJ074733,Condiments
AG036030,Canned Goods
EF075860,Shirts
FT051943,Beverages
GF024770,Condiments
RX015988,Snacks
GD009319,Prepared Meals
AB026194,Dairy
JO028740,Outdoor
MD050992,Snacks
MF061968,Outdoor
GZ054340,Home
DF038163,Pets
WH015128,Deli
FS039221,Garden
HL040070,Condiments
HL039218,Pasta
UZ023297,Salads
FM000649,Seafood
ZI065793,Home
MO085369,Kitchen
DK019697,Furniture
NN049778,Fitness
WG095724,Electronics
ZG087956,Outdoor
AX037317,Fitness
ME088158,Fitness
CI002097,Electronics
NQ067127,Toys
PM016065,Frozen Fruits
ZN092177,Kitchen
SM068422,Tools
QY007931,Prepared Foods
RP092627,Home Appliances
TD048468,Beverages
UA011608,Confectionery
PM093214,Beverages
JH039110,Frozen Desserts
YZ006979,Frozen Foods
TI006356,Home
GE016763,Health/Protein
GY022426,Canned Goods
MX042797,Office
DO083307,Beverages
AX042155,Kitchen
WZ032365,Computers
IU063049,Frozen Foods
PU020907,Frozen Desserts
VQ048428,Garden
LK001527,Frozen Food
ZA061053,Kitchen
SQ012620,Pets
EC073665,Outdoor
KO026009,Toys
TL094123,Tops
FT033801,Pets
KI071073,Baking
DM021750,Baby
OX028733,Home
LQ014108,Smart Home
FB065898,Canned Goods
YE056156,Beverages
KP075796,Clothing
RH091056,Kitchen
BB034030,Dressing
CG029097,Bakery
SO014368,Spices
VW049815,Kitchen
TS016028,Fitness
FB017220,Accessories
SY046767,Snacks
VO050040,Outdoor
NO061115,Prepared Foods
VP069504,Footwear
NS050281,Activewear
HU076125,Kitchen
JK073255,Bakery
BH051558,Dips
VN053462,Electronics
BW070185,Pets
IF071841,Accessories
QP039114,Condiments
MN054609,Snacks
GU068229,Health
UR001161,Garden
CS062668,Canned Goods
RX020470,Pets
JX035609,Frozen Foods
UQ044000,Frozen Foods
PI013145,Unknown
SG039360,Bakery
XF021035,Fitness
YR051031,Clothing
WE022231,Toys
GI077536,Outdoor
BS041004,Frozen
CV050185,Oils & Vinegars
EC082879,Cereal
WJ028001,Frozen Meals
FQ012040,Tops
VJ044865,Home
AR080205,Pets
OI099024,Soups
AF014962,Snacks
CT044510,Pets
RD092285,Meat
YT086878,Outdoor
PE014481,Frozen Foods
PU037272,Spices
UM026190,Breakfast
TD099406,Dried Fruits
HT057943,Oils
VP099455,Audio
WA065296,Home Appliances
RR094353,Kitchen
JR000324,Beverages
UJ042699,Sports
RL027529,Office
YP078940,Crafts
MW024382,Frozen Vegetables
VC006185,Snacks
PX013386,Accessories
YS093061,Frozen Fruits
OK009154,Baking
WH029764,Prepared Foods
RF032112,Snacks
UI019195,Unknown
LE082543,Seafood
ME073998,Fitness
PY020970,Frozen Foods
IK057392,Kitchen
BR000413,Condiments
YD016265,Salads
LH085680,Kitchen
RC074892,Music
OW073325,Fitness
PM035846,Tools
OK025050,Baked Goods
RR089853,Baking
HI073700,Automotive
RP040536,Canned Goods
AE074840,Kitchen
ZZ093791,Kitchen
SU079831,Sauces
XQ062363,Kitchen
FZ088517,Condiments
IR092227,Pets
LC072545,Kitchen
ZG021785,Canned Goods
GC076996,Art Supplies
DJ065927,Kitchen
AR041539,Snacks
ZD060688,Canned Goods
VN020488,Travel
PM005812,Fitness
FN016982,Grains
FA096242,Soups
HQ055520,Snacks
LG092452,Condiments
BI005468,Outdoor
UR054983,Bakery
ZK063386,Frozen Food
HK099800,Health
BD065123,Home
XQ091028,Confectionery
YK053180,Home
IG091868,Kitchen
WG049522,Produce
FC010468,Condiments
ME084948,Home
YK050449,Kitchen
MN048244,Kitchen
WQ010620,Kitchen
RQ069631,Snacks
FI039531,Health
RD030666,Deli
DL056141,Pets
UX061535,Condiments
QR002438,Beverages
MP054592,Seafood
AG034492,Kitchen
LT041837,Kitchen
SU088002,Canned Goods
RA089082,Shirts
CN092844,Frozen Food
FW074690,Snacks
TV043812,Accessories
QA049932,Home
GM070527,Unknown
TR063844,Condiments
WW057085,Frozen Foods
KI037478,Kitchen
TB040589,Fitness
CP013476,Condiments
WZ079454,Unknown
AM051739,Canned Goods
IX092310,Fitness
SN013438,Accessories
IA036068,Grains
MR095401,Outerwear
FX086943,Outdoor
FB057994,Tools
NC078690,Accessories
WH056175,Outdoor
WC004593,Electronics
CV010333,Beverages
CE004322,Snacks
CK017190,Canned Goods
UE052471,Prepared Meals
MU089310,Audio
PC022229,Pets
PP019949,Outdoor
BF010861,Dairy
SI095976,Breakfast
EO020487,Pets
ZC098766,Sauces
LI019958,Health
ZZ085937,Kitchen
AQ073052,Kitchen
YF008226,Bakery
DO060614,Toys
AT091114,Condiments
FI023849,Home
NJ070938,Footwear
IC037529,Home
FX049665,Pets
II096033,Outdoor
WI006743,Electronics
DW057634,Bakery
JL079255,Pets
HV028541,Home
EX016691,Sports
GT070029,Garden
UW023941,Condiments
HU061929,Prepared Foods
ML031831,Frozen
MF073219,Swimwear
PI043259,Kitchen
GY049387,Frozen Foods
AU060569,Home Security
ID094831,Home
QD003450,Tools
YW053778,Home
DW050767,Frozen Foods
ID089240,Travel
CQ080184,Kitchen
BZ041321,Toys
HA096928,Produce
VQ027040,Fitness
ID087493,Home
OI007963,Pets
VR024543,Snacks
LA098205,Frozen Vegetables
XY052137,Tops
AA032264,Garden
GY004382,Salads
PW074537,Grab
BI003171,Dairy
AU052946,Meats
IF009376,Salads
TB032006,Snacks
KB045173,Home
PP030760,Unknown
RW020820,Spices
VJ077915,Activewear
JO026492,Outerwear
SO022847,Accessories
KM058384,Snacks
IV058327,Frozen
ZH091699,Kitchen
OY080109,Unknown
YR075422,Baking
PQ067744,Unknown
DJ035790,Bottoms
AM050336,Sauces
YW049003,Outdoor
BQ053672,Kitchen
CW067537,Bathroom
LV015333,Books
VY000998,Office
NM039884,Garden
HG006932,Snacks
LD015457,Kitchen
PD008644,Electronics
AF068364,Frozen
RY034149,Canned Soups
CQ072162,Dips
JA047285,Audio
BC022440,Unknown
JU003803,Kitchen
SA087600,Condiments
FP047426,Dressings
ND092303,Toys
DK009416,Home
LT072133,Outdoor
VH065209,Dressings
WU005739,Fitness
IS056610,Health
WZ014558,Bread
BN060023,Pets
CF022551,Pets
JR084587,Breakfast
KT055492,Kitchen
QN076872,Canned Goods
EG001806,Grains
GP080695,Accessories
XI079358,Clothing
QE049300,Produce
CV058577,Garden
QR060409,Health
EX006718,Pets
JZ052279,Outdoor
GG018526,Home
OG060934,Bakery
ZI040961,Home Security
RD011088,Home
GT071108,Bakery
XL087175,Frozen Foods
OF089412,Soups
HE047515,Beverages
NO029788,Cereals
ZR036249,Audio
EJ082693,Protein
QU079994,Health
DL051839,Fitness
NC085766,Snacks
EW005538,Toys
TV080716,Produce
FM023114,Smart Home
KT007210,Fitness
EW082873,Tools
EK000927,Audio
JH033527,Beverages
JE006455,Seafood
TQ028619,Soups
LA037404,Kitchen
QX046510,Pasta
WT046505,Kitchen
KJ061948,Meat
WL059001,Baking Goods
RE073309,Pets
KP043102,Snacks
UO043428,Oils
RG067499,Snacks
NG049211,Sauces
GL052309,Soups
GJ048559,Garden
HC005340,Audio
TC047901,Kitchen
EY003057,Fitness
CA073023,Toys
WY072508,Produce
MG058780,Frozen Foods
WE068806,Baking
GP060833,Home
OE048597,Kitchen
TB044152,Bathroom
TV026953,Snacks
AY033192,Breakfast
GJ039175,Toys
RU059021,Meat
MU098236,Grains
CI037729,Breakfast
RQ031628,Seafood
HJ066150,Prepared Foods
SP003084,Condiments
MU039362,Prepared Foods
ST001444,Dairy
TX043140,Garden
IA051365,Canned Goods
EW025276,Fitness
FL012006,Produce
MC044239,Home
LC054642,Canned Goods
EK024845,Pets
IU033754,Deli
RY018496,Fitness
DJ036333,Grains
RX097362,Home Security
QP030711,Automotive
KK051391,Soups
UT051065,Fitness
ED096697,Kitchen
CR000867,Tools
WO075307,Home
WQ090235,Automotive
WG029597,Kitchen
EV090988,Dried Fruits
NH050930,Breakfast
VW090516,Office
OL040579,Gaming
ZT037653,Condiments
CB019507,Frozen Foods
CY088274,Frozen Foods
WP090469,Produce
RX094187,Outdoor
RS025554,Condiments
US038719,Kitchen
QM095982,Bathroom
HQ027283,Unknown
LW083217,Home
HV041002,Unknown
BC028977,Snacks
EE035225,Produce
OM050374,Fitness
BJ094559,Frozen Foods
TO009200,Garden
KX033423,Kitchen
AA082773,Kitchen
QM006843,Pets
CY002015,Fitness
MB095866,Art Supplies
BD087403,Meat & Poultry
VK090011,Baking
HP067134,Outdoor
EX069344,Canned Goods
ZR074934,Books
MC039174,Condiments
FJ090447,Oils & Vinegars
LA010075,Accessories
PS052688,Soups
DI032274,Beverages
RU084894,Salads
UT016181,Kitchen
OZ047633,Outerwear
JK044561,Pets
TK090911,Art Supplies
LW017568,Dairy
YE030088,Vegetables
SE057748,Condiments
HS086983,Home
OD040124,Condiments
HG011716,Kitchen
RE011603,Art Supplies
LN063990,Snacks
UM092344,Toys
VW089494,Prepared Foods
DV053126,Electronics
XD027580,Snacks
HE043550,Bicycles
FC025577,Outdoor
WT046375,Accessories
HV091256,Outdoor
MS080154,Garden
IY074206,Frozen Foods
FY064786,Health
LB033833,Home
VN066311,Music
PN028495,Audio
WU008675,Kitchen
HU003051,Kitchen
NB041369,Automotive
TO038700,Outdoor
TC064656,Dairy
GU016823,Dairy
KM086593,Office
MH099683,Pets
EV018081,Dairy
FS099822,Pasta
LT015997,Bakery
WO038779,Accessories
GS018157,Condiments
PO088578,Condiments
CA096928,Books
HH088162,Prepared Meals
QK079325,Fitness
IK044488,Frozen Meals
HZ012191,Condiments
VZ061760,Home
GP092788,Pasta
RI080750,Prepared Meals
MB086840,Canned Goods
SL017492,Baking
UF070568,Baking
KN009148,Snacks
MH046457,Home
ND044672,Health
NZ030429,Accessories
LA082444,Kitchen
ZD023897,Outdoor
NC097342,Sports
JU030897,Accessories
GJ024663,Activewear
YV070687,Frozen Foods
SL019932,Cereals
MU067042,Outdoor
OA066925,Kitchen
PZ021916,Photography
ME091181,Condiments
UG065792,Electronics
SC016494,Outdoor
AF087073,Frozen Food
DE050551,Seafood
FI067254,Frozen Vegetables
CH043961,Beverages
NS097603,Activewear
SB049396,Soups
KJ060526,Snacks
YZ042859,Pasta
SG094546,Prepared Foods
XN086022,Fitness
GS028173,Snacks
XY048815,Spices
SK080811,Beverages
VA030207,Sports
YN053436,Prepared Foods
ZA054835,Automotive
IY079640,Breakfast
NK077375,Footwear
AR054890,Food
YA075130,Accessories
IR062927,Frozen
GP024057,Fitness
FI060862,Bakery
BO048558,Unknown
EV036539,Furniture
RF083284,Bakery
ZK060883,Produce
MV071256,Automotive
VS044430,Health
BO028933,Desserts
RP069669,Accessories
ZX071881,Frozen Foods
TW033998,Electronics
IO078286,Snacks
DM052390,Garden
ZR028036,Fitness
AN077037,Frozen Foods
DQ071585,Outdoor
KU077513,Gaming
SX052012,Home
LA030163,Home
SE094765,Fitness
CN068764,Snacks
LI027953,Automotive
CY047953,Confectionery
FX044955,Frozen Meals
TK017122,Electronics
CB005248,Garden
ZP022992,Accessories
ZN021991,Bottoms
NP077748,Health
QQ030750,Dairy
CQ089859,Frozen Desserts
TP081125,Tops
VD012823,Meal Kits
HZ002497,Grains
NG064793,Garden
LR027458,Soups
BC007575,Frozen Foods
BD067076,Kitchen
KJ014419,Outdoor
IV056248,Home
DG069693,Kitchen
VX020146,Kitchen
SH028481,Pets
OL057372,Footwear
BX090922,Snacks
GX093059,Condiments
MY066603,Dairy
EE086581,Vegetables
GQ049201,Dairy
KE090535,Garden
BT092186,Grains
IA061353,Dairy
AT083923,Pets
IY086022,Dresses
HG095570,Meat
ES036625,Oils
MP049210,Health
FD062922,Pets
XI079766,Photography
YV028162,Snacks
PQ087321,Garden
QK085709,Canned Goods
EG056626,Health
ZB079712,Bottoms
MW031103,Frozen Food
KF098515,Fitness
JO085947,Kitchen
PL013734,Home
JH004642,Tools
SK077596,Photography
UP097887,Outdoor
AL070706,Protein
TS039248,Spices
IZ074585,Condiments
UK092798,Outdoor
FJ073819,Kitchen
FQ031517,Accessories
ZJ005396,Kitchen
TY023864,Grains
EC008540,Outdoor
XL070716,Kitchen
DX028493,Condiments
WL041108,Baked Goods
VG069789,Outdoor
OE007205,Frozen Food
QE063301,Music
SO068012,Frozen
KP028279,Home Appliances
AD098459,Garden
CS045505,Outdoor
ZI014714,Snacks
QA056953,Baby
IX093256,Produce
MR060910,Vegetables
FQ037375,Travel
PF037239,Canned Goods
BF061226,Outerwear
AV044682,Baking
MT005037,Garden
ZW039927,Home
KS017853,Accessories
CQ092154,Snacks
RJ007956,Health
FI074601,Bakery
ZB017744,Accessories
ZY032351,Kitchen
GV075639,Salads
PR021913,Home
MX013327,Garden
YX010597,Frozen Foods
KD012117,Garden
BC081311,Condiments
FC090079,Electronics
OW057517,Electronics
TI063306,Beverages
BO009057,Dairy
SA064913,Kitchen
MZ039978,Art Supplies
ZV068041,Dairy
WU080548,Sauces
PD090295,Canned Goods
CF049958,Garden
WN096386,Art Supplies
QC032956,Home
UM052413,Snacks
FY037125,Bakery
DC036335,Prepared Meals
VG066533,Meal Kits
NG043212,Condiments
KT091083,Sports
VO027884,Snacks
TK032609,Bakery
HS092397,Condiments
SK086363,Kitchen
ZS035168,Canned Goods
HX040512,Snacks
HI052344,Outdoor
OZ086672,Prepared Foods
YU042710,Smart Home
OX055828,Home Appliances
TJ035338,Pets
JF086610,Electronics
QJ071504,Kitchen
RO095157,Photography
YQ043873,Meat
IA022601,Dairy
UG030160,Baked Goods
ZO006088,Meat
ZR072207,Frozen Foods
TI069442,Home
XD004422,Pets
SS083952,Frozen Desserts
OU093695,Bakery
XG009184,Accessories
VM070549,Breakfast
FO041203,Seafood
LO018193,Home
RK099848,Kitchen
WG059507,Frozen Foods
CI048769,Kitchen
ID014944,Home Appliances
XX024240,Health
KP033319,Fitness
IF085936,Outdoor
NL082152,Frozen Foods
XC025583,Unknown
AG091553,Snacks
VD031607,Dairy
BJ030424,Grains
WM002400,Electronics
EE026148,Electronics
QR097023,Kitchen
DX015194,Tools
YU019270,Spices
FS005124,Outdoor
SW058169,Home
LX074998,Home
CK053082,Vegetables
WK024652,Beverages
MP081425,Kitchen
FC009320,Kitchen
YF022850,Electronics
WV070252,Dairy
WB080247,Books
RA098855,Snacks
DO056898,Home
ZO040225,Tools
PH065280,Condiments
SL049492,Smart Home
OO046940,Bicycles
OQ061879,Beverages
YL041091,Snacks
NS073093,Kitchen
OW065854,Garden
YY029352,Outdoor
CN066148,Outdoor
PM032614,Dressings
OL048370,Dresses
PV077704,Office
NB008076,Beverages
NI045985,Automotive
FG011686,Frozen Vegetables
ZK017990,Snacks
TW072363,Sports
GL002868,Pets
IU015861,Audio
NI092665,Kitchen
JT020253,Canned Goods
QK072167,Pets
EP088407,Pasta
MS053932,Baking
UC089716,Home
EW050885,Snacks
ST060961,Soups
BZ073907,Frozen Desserts
OS016131,Bakery
QL073930,Outdoor
AR093864,Beverages
FE044927,Tools
LW032953,Beauty
QH009639,Kitchen
VC036954,Accessories
QO038548,Beverages
UZ019741,Baking
MB046323,Baking
JB089049,Snacks
XC034103,Outdoor
HE070244,Pets
FZ028025,Frozen Food
TR016077,Kitchen
KS044548,Furniture
VU059323,Outdoor
PI093946,Sauces
TI069910,Pasta
XG049567,Meat
CF040284,Meal Kits
KY093175,Snacks
PH013376,Fitness
GT026920,Automotive
RZ034640,Activewear
TN046535,Outdoor
HW014946,Footwear
RI070987,Pets
MD051376,Outdoor
PX082957,Sauces
AE091008,Condiments
BL029238,Office
QK069817,Swimwear
FV057344,Condiments
MA051830,Home
EA052190,Outerwear
DG018577,Frozen
NS004965,Electronics
JP078625,Produce
ZS035764,Toys
FO004792,Frozen Meals
DU070019,Pets
CQ084349,Computers
NG073978,Sports
VM074684,Pets
GA013633,Bakery
QU016275,Frozen Food
BO029613,Snacks
RY099619,Clothing
EP070767,Garden
OO066827,Office
YB085573,Condiments
BY098474,Condiments
KT006172,Pasta
NA055533,Fitness
EM054311,Kitchen
YJ089375,Health
FJ007138,Snacks
OU065758,Toys
HH002253,Kitchen
MN041632,Outdoor
EK019608,Frozen Foods
UG048514,Frozen Vegetables
JM022459,Breakfast
TD066264,Activewear
TL077762,Kitchen
VH053552,Beverages
JA070984,Accessories
FZ032686,Pets
FC033048,Photography
NH097945,Electronics
ZK060914,Toys
VD043298,Outdoor
TH016991,Kitchen
CF065346,Snacks
ZN044783,Baking
BD029398,Cereals
UA057600,Meat & Poultry
ZB001882,Outdoor
LR071683,Home
OS062407,Bathroom
CY085456,Fitness
KR081746,Accessories
WM078818,Accessories
OZ007864,Garden
NC021615,Beverages
LC067891,Condiments
QN007877,Unknown
ZS028927,Breakfast
GI079562,Baked Goods
BW006890,Canned Goods
AR097815,Apps
YW031560,Condiments
EM041491,Travel
BM028733,Condiments
ST006986,Clothing
DD079461,Meat & Poultry
FD018066,Meat
ST031049,Snacks
GU050689,Fitness
LZ044000,Kitchen
UB079899,Automotive
SN048027,Deli
RZ079061,Dairy
NT011301,Electronics
YA056194,Condiments
WC000744,Fitness
NW010667,Seafood
IZ040196,Art Supplies
RY046148,Kitchen
QC023459,Footwear
JX020792,Beauty
ZZ033202,Fitness
WX059836,Frozen
IK074761,Frozen Foods
PS051354,Bottoms
IH031950,Baking
JM053115,Office
XH025814,Tops
HO019535,Home
CG088679,Toys
YM016322,Art Supplies
LY041824,Gaming
LT093619,Cereals
QO013427,Fitness
WV053876,Baking
VJ003572,Kitchen
JW011871,Outdoor
MK081557,Smart Home
UZ052444,Bottoms
PF038489,Frozen Foods
DC047266,Condiments
MM063098,Home
RA082283,Meat
UN070146,Fitness
OB014286,Office
HC084856,Cereals
FB082958,Grains
QL067994,Fitness
YG019226,Unknown
ZG044495,Home
WU005941,Deli
DN088541,Toys
RW088765,Outdoor
YP098197,Bakery
NA011303,Health
DY064262,Home
YK002654,Baking
AB092555,Fitness
UY005001,Vegetables
OG061977,Condiments
YC058679,Outdoor
QR065970,Pets
RQ096077,Outerwear
NY049268,Snacks
OS020139,Accessories
UQ089950,Art Supplies
VB001957,Kitchen
LR077329,Kitchen
CM046960,Fitness
HV018059,Frozen Vegetables
NA036698,Art Supplies
CP044965,Canned Goods
WC023216,Outerwear
AF072209,Home
YA047157,Frozen Foods
CE004151,Toys
JG097941,Breakfast
KA019970,Produce
VJ028289,Pasta
SC014154,Seafood
PO051840,Outdoor
YD052057,Condiments
IG063677,Prepared Meals
XE067648,Office
RS028872,Snacks
UB067995,Canned Goods
ZI098016,Beverages
ZK001268,Condiments
KT037446,Condiments
UN055096,Prepared Meals
TP059758,Beverages
WH010152,Outdoor
DR012165,Outdoor
HG065810,Spreads
PU069170,Condiments
WT058286,Condiments
RH030322,Bakery
TC035481,Home
ZQ005480,Condiments
VR060474,Dairy Alternatives
YD003006,Unknown
EX088207,Pets
CY025172,Audio
QT044564,Spices
YT004530,Unknown
JY011577,Beverages
YN022030,Vegetarian
HR079162,Outdoor
WQ078606,Health
IN023389,Vegetables
ZY052030,Canned Goods
AO032434,Vegetables
OU059972,Pets
RN019727,Condiments
GH010525,Dresses
EQ019563,Fitness
HX021080,Unknown
RV069987,Pets
FX045804,Canned Goods
WT075805,Outdoor
SX079007,Home
BW029792,Soups
DZ090884,Produce
YX046571,Audio
DY058096,Coats
YU072726,Snacks
SS009770,Frozen Vegetables
SU042455,Vegetables
NQ046524,Toys
BG073142,Snacks
AI033136,Vegetables
NK039641,Footwear
QG016013,Home
IS034813,Outdoor
HH028402,Kitchen
QE006265,Garden
RL017752,Prepared Meals
AM048144,Canned Goods
MW029835,Canned Goods
FO018903,Garden
YV099173,Confectionery
JB029525,Snacks
PL027931,Snacks
SQ041732,Tools
RX050906,Outerwear
TW056855,Bakery
WB093781,Photography
DU067138,Fitness
EX025743,Oils
IJ064580,Fitness
GI072825,Bags
XQ074995,Dairy
ZL079039,Kitchen
QU018207,Produce
QK062214,Condiments
WO082294,Snacks
UL041715,Dairy
KM031739,Beverages
FC032636,Sauces
LA028763,Seafood
KQ036223,Produce
HB066379,Condiments
CF045046,Fitness
IW015145,Fitness
HT074679,Condiments
SF010331,Snacks
CA097478,Apps
DM088657,Toys
AY007463,Health
WJ075313,Kitchen
BY000645,Grains
YY066124,Smart Home
QB072843,Sauces
FM017162,Garden
KN022345,Produce
OA062579,Unknown
DX039478,Accessories
MF006009,Condiments
FQ000528,Snacks
VM048942,Electronics
LE032482,Frozen
HA069248,Health
PA017503,Electronics
MG088001,Snacks
PC099530,Outdoor
XE094018,Frozen Foods
QU087388,Canned Goods
OC065566,Frozen Foods
WL062350,Electronics
SD002898,Home
KV009464,Frozen
SK062654,Grocery
PL048663,Office
GG001675,Home
HN065686,Condiments
WS083002,Pets
ND092128,Home
MR034148,Beverages
QZ037331,Salads
WY016116,Office
HZ014416,Breakfast
UH084352,Produce
TQ083990,Crafts
HT072634,Frozen Meals
NS033469,Electronics
NJ066383,Sauces
GG024660,Frozen Foods
WW097282,Electronics
HD002706,Outdoor
FM062393,Dairy
WD022327,Garden
KR048209,Bottoms
LK027169,Automotive
ZN087317,Health
YB075027,Snacks
BL031724,Outdoor
NK049074,Snacks
ZA022712,Soups
YZ002599,Baking
UW090684,Clothing
XQ070266,Frozen Foods
ON002160,Kitchen
DT032715,Kitchen
JM089127,Canned Goods
BH012184,Home Appliances
ON062660,Kitchen
DX003902,Smart Home
DR089220,Art Supplies
NH020821,Salads
VY086631,Health
MN006864,Office
TA055100,Grains
TQ028593,Breakfast
HE073166,Home
WJ020117,Snacks
ED098042,Home
YS053173,Dairy
QB076560,Frozen Meals
XH011174,Home
DL081584,Home
OG071109,Outdoor
NN060679,Pets
XV089605,Outdoor
LG092675,Bottoms
YX096257,Frozen Foods
TF049332,Canned Goods
BX044593,Kitchen
FE085390,Prepared Foods
IG009406,Kitchen
KB036902,Kitchen
KZ005797,Music
UJ027594,Sides
SB083069,Electronics
GU089133,Condiments
RN026363,Electronics
WN064607,Fitness
NR077634,Snacks
NE056811,Kitchen
LO067783,Dairy Alternatives
MI002145,Home
AY095623,Kitchen
ZQ085286,Frozen Foods
KK083551,Kitchen
QL072242,Snacks
IU062654,Kitchen
EQ005180,Outdoor
OD029467,Bottoms
WQ006977,Electronics
UO066411,Home
KS015006,Health Foods
RB043281,Pets
VA033425,Kitchen
QJ057888,Grains
JV099782,Oils
TC072019,Garden
ZZ074998,Soups
XV006851,Garden
EQ061166,Photography
RN084510,Seafood
XM056519,Prepared Foods
MU065265,Fitness
HR020563,Accessories
AK090965,Frozen Desserts
AL097423,Seafood
GT082333,Audio
JD027175,Garden
TX041364,Baking
KZ012114,Frozen
QB010490,Electronics
EZ094772,Dairy
VT060647,Kitchen
SL086802,Dips
IU015642,Produce
DY098312,Home
FJ060517,Condiments
LC026979,Dresses
GQ025761,Pasta
SC070403,Garden
LW001842,Grains
IA007464,Fitness
AR041676,Travel
PU063205,Breakfast
RW072550,Fitness
RK054156,Snacks
KX031873,Art Supplies
ZE034909,Garden
ZW034737,Dairy
EL013253,Frozen Desserts
ER043136,Pets
GN098386,Condiments
XL005038,Frozen Foods
CE052750,Vegetarian
EZ080288,Sauces
JE023225,Kitchen
BR070441,Sauces
NB005131,Outdoor
HK002928,Electronics
NX010417,Kitchen
WG056381,Health
BN069579,Kitchen
VH033717,Cereals
ZM043683,Computers
ZT087785,Snacks
BJ079548,Loungewear
OO027396,Kitchen
YF058145,Pets
HJ042669,Kitchen
MC002765,Kitchen
WJ053963,Kitchen
CB028857,Snacks
OB076825,Art Supplies
JG092128,Protein
KW040303,Kitchen
XA032463,Outdoor
CY057205,Kitchen
MV006991,Condiments
SF059820,Toys
FF057667,Frozen Fruits
RO066685,Furniture
EM052018,Pets
PT068163,Kitchen
II024574,Kitchen
VW064314,Outdoor
DM054968,Canned Goods
SG030092,Grains
MG061805,Unknown
HC050772,Home
JW074427,Condiments
JT017504,Bakery
HB033101,Dairy Alternatives
AS034510,Salads
VT024476,Computers
LL061291,Home Appliances
BK068877,Garden
LY092549,Condiments
DW089170,Kitchen
CW032193,Toys
FO038863,Automotive
GF045940,Condiments
YK010453,Dairy
HT059936,Gaming
XY044723,Meat Alternatives
XB046740,Kitchen
PQ059164,Baking
XL040496,Dairy
LW072356,Snacks
QF008699,Furniture
YS077794,Accessories
VS001833,Fitness
JZ051152,Pets
UF069653,Art Supplies
DH006479,Kitchen
SG017248,Electronics
AD051865,Toys
ZW068022,Frozen
NC019398,Vegetarian
AT021362,Pasta
YB066562,Snacks
IP005782,Snacks
YV023058,Art Supplies
AG087870,Kitchen
QP071395,Kitchen
XI066233,Meat
TL091962,Footwear
UY037874,Home
JA042747,Home
RR059936,Outdoor
NB030077,Kitchen
RM032097,Condiments
DX063428,Accessories
QP011875,Outdoor
LU028921,Accessories
OK095667,Condiments
VB012725,Fitness
AF081820,Condiments
BY047224,Prepared Meals
EM023972,Condiments
AU081700,Canned Goods
XF002546,Baking
AU017148,Seafood
GG008002,Bakery
JJ071085,Crafts
EX060682,Household
PO008660,Dairy Alternatives
UP098712,Sauces
IC081222,Kitchen
ES017219,Pets
UG003207,Health
IR071120,Kitchen
KD057640,Music
SL020843,Footwear
CX040123,Pasta
HG089408,Kitchen
VT048970,Accessories
LP059975,Beverages
NH080841,Frozen Fruits
VJ025026,Seafood
WT052079,Frozen
PN052596,Baking
BY076152,Snacks
QL031793,Breakfast
JS031511,Unknown
FK096609,Kitchen
OT028288,Baking
UE097745,Kitchen
DT071239,Tops
YI058954,Health
SY093940,Outdoor
BI026710,Dairy
TL018333,Kitchen
BU085042,Footwear
VS079989,Outdoor
OZ024804,Frozen
WR079096,Outdoor
SA091078,Electronics
HH088232,Electronics
IA065789,Footwear
IL046915,Outdoor
KA040416,Produce
OG056473,Snacks
OG051514,Meat & Poultry
LL080201,Accessories
UR084798,Office
QC056257,Home
WF014444,Snacks
IX042657,Health
UL016776,Salads
HO000508,Outdoor
LV007938,Electronics
FO052369,Outerwear
IV091271,Kitchen
VT030308,Bakery
EB065659,Condiments
TX036866,Home
WM040204,Outdoor
MI068402,Smart Home
KL097380,Deli Meats
AT010021,Fitness
BX010947,Garden
IQ015428,Outdoor
JB049033,Pasta
ZM086764,Produce
TQ072775,Kitchen
FX054353,Dairy
SD020387,Outdoor
OZ044834,Kitchen
LO057168,Audio
RN085260,Frozen Food
FS084566,Tools
QN076911,Outdoor
DD085823,Home
BF065767,Outdoor
NH080945,Accessories
AZ068639,Home
TL019386,Frozen Desserts
IO065426,Grains
SZ095744,Dried Fruits
PM023556,Prepared Foods
CF003718,Automotive
BJ045995,Outdoor
ZQ078542,Condiments
DU016170,Fitness
SG044935,Pasta
TP082193,Snacks
YV014970,Loungewear
GS076409,Unknown
FD009877,Food
YR020187,Health
AF014335,Meat
SQ055699,Garden
